"OverallQual","YearBuilt","TotalBsmtSF","X1stFlrSF","GrLivArea","TotRmsAbvGrd","GarageYrBlt","GarageCars","GarageArea","SalePrice"
5,1961,882,6.7990558620588,6.7990558620588,5,1961,1,730,NA
6,1958,1329,7.1929342212158,7.1929342212158,6,1958,1,312,NA
5,1997,928,6.83410873881384,7.39633529380081,6,1997,2,482,NA
6,1998,926,6.83195356556585,7.38087903556412,7,1998,2,470,NA
8,1992,1280,7.15539630189673,7.15539630189673,5,1992,2,506,NA
6,1993,763,6.63856778916652,7.4121603349452,7,1993,2,440,NA
6,1992,1168,7.08002649992259,7.08002649992259,6,1992,2,420,NA
6,1998,789,6.67203294546107,7.2902928824466,7,1998,2,393,NA
7,1990,1300,7.20191631753163,7.20191631753163,5,1990,2,506,NA
4,1970,882,6.78332520060396,6.78332520060396,4,1970,2,525,NA
7,1999,1405,7.19893124068817,7.19893124068817,5,1999,2,511,NA
6,1971,483,6.18208490671663,6.89568269774787,5,1971,1,264,NA
5,1971,525,6.26530121273771,6.99668148817654,6,1997,1,320,NA
6,1975,855,6.75227037614174,7.2841348061952,6,1975,2,440,NA
7,1975,836,6.72982407048948,6.72982407048948,4,1975,1,308,NA
9,2009,1590,7.39510754656249,7.755767170103,10,2009,3,751,NA
8,2009,1544,7.34277918933185,7.34277918933185,7,2009,3,868,NA
9,2005,1698,7.43779512167193,7.43779512167193,7,2005,3,730,NA
8,2005,1822,7.50823877467866,7.50823877467866,8,2005,3,678,NA
9,2003,2846,7.89989532313973,7.89989532313973,10,2003,3,958,NA
8,2002,1671,7.4312996751559,7.71912984090673,7,2002,3,756,NA
8,2006,1370,7.22329567956231,7.22329567956231,6,2006,2,484,NA
6,2005,1324,7.18916773842032,7.18916773842032,6,2005,2,430,NA
7,2006,1145,7.04403289727469,7.04403289727469,6,2006,2,437,NA
7,2004,384,6.61338421837956,7.22620901010067,7,2004,2,400,NA
7,2004,847,6.7428806357919,7.45818615734049,7,2004,2,433,NA
8,1998,1629,7.40610338123702,7.81439963380449,7,1998,3,962,NA
8,2005,1595,7.37525577800975,7.37525577800975,6,2005,3,880,NA
7,2009,1218,7.10578612948127,7.10578612948127,4,2009,2,676,NA
6,2005,1468,7.29233717617388,7.29233717617388,6,2005,2,528,NA
7,2004,831,6.72383244082121,7.41457288135059,8,2004,2,484,NA
5,1920,816,6.92067150424868,6.92067150424868,5,1920,1,429,NA
6,1974,1208,7.30988148582479,7.30988148582479,7,1974,2,461,NA
8,1993,1231,7.13249755166004,7.7621706071382,9,1993,3,762,NA
8,1992,1390,7.24636808010246,7.70796153183549,7,1992,3,713,NA
7,2004,1488,7.30586003268401,7.30586003268401,6,2004,2,506,NA
7,2004,840,6.73459165997295,7.42714413340862,3,2004,2,588,NA
7,2004,600,6.39859493453521,7.09090982207998,4,2004,2,480,NA
7,2004,600,6.39859493453521,7.09090982207998,4,2004,2,480,NA
6,2005,600,6.39859493453521,7.12044437239249,4,2005,2,480,NA
6,2000,756,6.62936325343745,7.32184971378836,5,2000,2,440,NA
7,2003,530,6.27476202124194,6.98564181763921,4,2003,2,496,NA
8,2010,1642,7.25770767716004,7.25770767716004,6,2010,3,852,NA
8,2000,975,6.88346258641309,7.52240023138712,7,2000,2,592,NA
7,2002,1492,7.30854279753919,7.30854279753919,6,2002,2,596,NA
6,1967,1829,7.51207124583547,7.51207124583547,8,1967,2,535,NA
6,1993,1280,7.15539630189673,7.82244472948932,9,1993,2,660,NA
6,1978,1224,7.1608459066643,7.54538974961182,7,1978,2,678,NA
6,1971,715,6.83625927727707,7.40610338123702,7,1971,2,441,NA
5,1966,1232,7.11720550316434,7.11720550316434,6,1966,2,490,NA
5,1966,1209,7.09837563859079,7.09837563859079,6,1966,2,504,NA
5,1967,1510,7.32052696227274,7.32052696227274,6,1967,2,517,NA
6,1964,533,7.03174125876313,7.48211892355212,8,1964,2,480,NA
5,1962,1728,7.45529848568329,7.45529848568329,10,0,0,0,NA
5,1952,1140,7.56527528189893,7.8087293067444,7,1994,2,400,NA
6,1949,782,6.92755790627832,7.350516171834,6,1949,2,470,NA
6,1966,1080,7.02908756414966,7.02908756414966,5,1966,1,315,NA
5,1958,1604,7.38087903556412,7.38087903556412,8,1958,2,576,NA
7,2003,1480,7.3004728142678,7.3004728142678,7,2003,2,620,NA
5,1959,1143,7.04228617193974,7.04228617193974,6,1959,1,308,NA
5,1959,1206,7.09589322109753,7.09589322109753,6,1959,1,312,NA
6,1959,1244,7.36581283720947,7.36581283720947,6,1956,2,440,NA
4,1956,832,6.72503364216684,7.19893124068817,5,1956,1,263,NA
5,1952,864,6.97073007814353,6.97073007814353,4,1952,1,318,NA
5,1955,972,6.880384082186,6.880384082186,5,1955,1,305,NA
5,1958,988,6.89669433162271,6.89669433162271,5,1958,1,264,NA
4,1920,576,6.89365635460264,6.89365635460264,4,1989,2,676,NA
6,1948,816,6.70563909486,7.11069612297883,5,1950,1,280,NA
5,1960,1175,7.06987412845857,7.06987412845857,6,1960,2,484,NA
6,1963,1395,7.24136628332232,7.24136628332232,7,1963,2,440,NA
4,1900,709,7.05444965813294,7.52023455647463,9,1900,1,240,NA
5,1920,936,6.84268328223842,6.84268328223842,5,0,0,0,NA
5,1957,1347,7.20637729147225,7.20637729147225,6,1957,2,551,NA
6,1938,827,6.71901315438526,7.13249755166004,6,1938,1,240,NA
5,1948,1027,6.93537044601511,7.39878627541995,7,1948,1,240,NA
5,1920,1008,6.96696713861398,7.1276936993474,6,1962,1,315,NA
2,1923,678,6.72503364216684,6.72503364216684,5,1928,2,780,NA
8,1900,930,6.83625927727707,7.35691824235602,7,1930,1,288,NA
8,1890,346,7.05444965813294,7.72709448477984,7,2003,2,624,NA
5,1910,840,7.02908756414966,7.72179177681754,12,0,0,0,NA
6,1922,738,6.76734312526539,7.29369772060144,6,1970,2,624,NA
5,1950,988,6.93828448401696,7.38585107812521,7,1950,1,363,NA
7,1922,1108,7.05703698169789,7.63482067774554,8,1928,1,315,NA
4,1925,765,6.64118216974059,6.64118216974059,4,1926,1,200,NA
6,1939,608,6.4118182677099,7.03262426102801,5,1939,1,240,NA
6,1940,572,6.74405918631135,7.08757370555797,6,1973,2,576,NA
5,1942,835,6.8627579130514,7.28207365809346,7,1942,1,240,NA
6,1948,780,6.66057514983969,7.25629723969068,6,1948,1,312,NA
5,1936,528,6.30809844150953,6.94793706861497,5,1979,2,624,NA
5,1930,928,6.83410873881384,7.3375877435386,7,1930,2,480,NA
6,1923,1124,6.97447891102505,6.97447891102505,5,1923,1,288,NA
4,1915,888,6.7900972355139,7.58222919427646,9,1915,2,572,NA
6,1912,780,6.66057514983969,7.35308192051543,7,0,0,0,NA
6,1920,662,6.49677499018586,7.18916773842032,6,1920,1,180,NA
5,1959,1422,7.42416528104203,7.42416528104203,8,1959,1,365,NA
5,1917,689,6.5875500148248,7.11069612297883,6,1917,1,180,NA
5,1915,1212,7.10085190894405,7.23921497377981,6,0,0,0,NA
6,1940,600,6.39859493453521,6.82437367004309,5,1940,1,231,NA
4,1907,707,6.84906628263346,7.54168309988211,7,0,0,0,NA
5,1910,856,6.84268328223842,7.42714413340862,7,1910,2,450,NA
4,1967,1832,7.5137092478397,7.5137092478397,8,0,0,0,NA
5,1966,864,6.7945865808765,6.7945865808765,5,1966,1,416,NA
5,1968,864,6.76272950693188,6.76272950693188,4,1969,1,280,NA
5,1978,1319,7.22548147278229,7.22548147278229,5,1978,2,591,NA
5,1968,720,6.58063913728495,7.27309259599952,7,1968,2,480,NA
7,1977,1420,7.30249642372733,7.30249642372733,4,1977,2,690,NA
4,1927,660,6.62936325343745,6.62936325343745,4,1945,2,440,NA
6,1978,1117,7.01929665371504,7.59186171488993,8,1978,2,522,NA
3,1938,972,6.95939851213398,7.38461038317697,8,1938,1,480,NA
6,1950,663,6.98007594056176,6.98007594056176,6,1987,1,467,NA
4,1947,756,7.0647590277918,7.33432935030054,8,1947,1,209,NA
5,1954,1172,7.06731984865348,7.06731984865348,5,1954,1,366,NA
7,2009,1508,7.31920245876785,7.31920245876785,5,2009,2,572,NA
5,1964,1250,7.1693500166706,7.1693500166706,5,1964,2,504,NA
7,1987,1433,7.26822302115957,7.26822302115957,4,1987,2,528,NA
6,1993,946,6.87212810133899,7.49720722320332,8,2000,4,1017,NA
7,2010,1222,7.10906213568717,7.10906213568717,6,2009,2,615,NA
6,1900,676,6.72383244082121,7.27655640271871,6,1957,2,484,NA
5,1996,870,6.87316383421252,6.87316383421252,4,1998,2,580,NA
7,1997,878,6.7945865808765,7.43425738213314,8,1997,2,513,NA
5,1977,1026,6.93439720992856,6.93439720992856,5,1977,1,308,NA
5,1972,876,6.77650699237218,6.77650699237218,5,1977,2,484,NA
8,2003,1978,7.59034694560257,7.59034694560257,8,2003,3,850,NA
7,1997,1040,6.95177216439891,7.64921631982063,9,1997,2,621,NA
6,2003,848,6.74405918631135,6.74405918631135,4,2003,2,420,NA
3,1945,0,6.46302945692067,6.46302945692067,5,1945,1,240,NA
5,1954,381,6.90073066404517,6.90073066404517,6,1954,1,319,NA
5,1968,1196,7.08757370555797,7.08757370555797,6,1968,1,336,NA
4,1948,744,6.67582322163485,7.02197642307216,5,1956,2,480,NA
6,1975,1008,7.00033446027523,7.00033446027523,5,1975,1,352,NA
4,1958,960,6.86797440897029,6.86797440897029,5,0,0,0,NA
5,1924,1107,7.16780918431644,7.16780918431644,5,1979,1,260,NA
6,1939,856,6.75343791859778,6.75343791859778,4,1939,2,399,NA
4,1967,0,6.76041469108343,7.88269220628903,10,0,0,0,NA
5,1931,894,6.79682371827486,7.41878088275079,7,0,0,0,NA
7,1941,1528,7.11151211649616,7.6657534318617,8,1941,1,312,NA
5,1950,1032,7.0057890192535,7.68616230349291,11,1950,2,484,NA
7,1994,423,6.7990558620588,7.41034709782102,6,1994,2,473,NA
8,1989,982,6.94215670569947,6.94215670569947,4,1989,2,598,NA
8,1989,1191,7.0833878476253,7.0833878476253,5,1989,2,531,NA
2,1941,480,6.29341927884648,6.29341927884648,4,1951,1,200,NA
6,1921,629,6.59030104819669,7.01031186730723,5,1950,1,625,NA
4,1896,756,6.8596149036542,6.8596149036542,5,1896,1,330,NA
8,2004,1594,7.40671073017764,7.40671073017764,5,2004,2,525,NA
8,1998,1049,6.94408720822953,7.55851674304564,8,1998,3,741,NA
6,1977,1243,7.15929190479756,7.15929190479756,6,1977,2,473,NA
6,1976,1958,7.6251071482389,7.6251071482389,9,1976,2,776,NA
7,2008,1336,7.20563517641036,7.20563517641036,6,2008,3,660,NA
7,2009,1214,7.10249935577465,7.10249935577465,6,2010,2,520,NA
5,2006,384,6.61338421837956,7.27586460054653,7,2007,2,400,NA
5,1965,1068,7.14282740116162,7.14282740116162,7,1965,2,528,NA
5,2004,1430,7.26612877955645,7.26612877955645,7,2004,2,624,NA
5,1999,1344,7.20414929203594,7.20414929203594,7,2001,2,686,NA
5,1973,945,6.85224256905188,6.85224256905188,5,1973,1,253,NA
4,1970,546,6.30444880242198,6.99668148817654,5,0,0,0,NA
4,1970,546,6.30444880242198,6.99668148817654,5,0,0,0,NA
4,1972,546,6.30444880242198,6.99668148817654,5,1972,1,286,NA
5,1971,864,6.77422388635761,6.77422388635761,5,1971,1,352,NA
5,1984,833,6.72623340235875,6.72623340235875,5,1984,2,495,NA
5,1985,1216,7.10414409298753,7.79688034278352,10,1985,2,616,NA
5,1991,624,6.4377516497364,7.15070145759253,6,1993,2,576,NA
5,1969,864,6.76272950693188,7.29979736675816,8,1969,1,275,NA
8,1994,1679,7.49776170062257,7.49776170062257,6,1994,2,482,NA
6,1993,1152,7.05012252026906,7.49443021503157,7,1993,2,616,NA
6,1956,882,6.78332520060396,6.78332520060396,5,1956,1,502,NA
6,1974,1434,7.26892012819372,7.26892012819372,7,1974,2,528,NA
6,1997,945,6.85224256905188,7.38336814699238,7,1997,2,470,NA
8,2003,1008,6.91671502035361,7.7336835707759,9,2003,3,632,NA
7,1996,384,6.86589107488344,7.39572160860205,7,1996,2,390,NA
8,2004,2208,7.83320394864106,7.83320394864106,8,2004,2,564,NA
8,1998,1418,7.2991214627108,7.2991214627108,5,1998,2,495,NA
8,1995,1587,7.45876269238096,7.45876269238096,6,1995,2,528,NA
7,1998,384,6.62273632394984,7.23201033166476,7,1998,2,396,NA
6,1998,952,6.8596149036542,7.40062057737113,7,1998,2,440,NA
6,1994,707,6.56244409369372,7.32448997934853,7,1994,2,409,NA
6,1993,1181,7.0825485693553,7.0825485693553,6,1993,2,430,NA
5,1977,1122,6.85329909318608,7.56786260546388,6,1977,2,567,NA
7,1978,832,7.05185562295589,7.62608275807238,8,1978,2,529,NA
6,1978,1427,7.42177579364465,7.42177579364465,7,1978,2,484,NA
7,1980,1043,7.33953769540767,7.89133075766189,9,1980,2,441,NA
6,1978,1140,7.44307837434852,7.44307837434852,7,1978,2,479,NA
7,2003,926,6.92461239604856,7.54168309988211,7,2003,2,581,NA
8,2000,1058,6.96508034560141,7.53636393840451,7,2000,2,588,NA
8,2002,972,6.880384082186,7.50218648660292,7,2002,2,565,NA
5,1975,1621,7.39141523467536,7.39141523467536,7,1975,2,478,NA
6,1974,1116,7.0184017990692,7.0184017990692,6,1974,2,528,NA
7,1975,1176,7.08506429395255,7.08506429395255,5,1975,2,506,NA
5,1970,1180,7.07411681619736,7.07411681619736,6,1970,2,477,NA
5,1971,1043,6.95749737087695,6.95749737087695,6,1971,1,336,NA
4,1970,864,6.76272950693188,6.76272950693188,5,2001,2,576,NA
4,1971,864,6.76272950693188,6.76272950693188,5,1986,2,576,NA
6,1973,483,6.18208490671663,6.89568269774787,5,1973,1,264,NA
6,1972,483,6.18208490671663,6.89568269774787,5,1972,1,288,NA
6,1976,804,6.69084227741856,7.34536484041687,7,1976,2,440,NA
7,1975,1057,6.96224346426621,6.96224346426621,4,1975,2,440,NA
6,1977,855,6.75227037614174,7.2841348061952,6,1977,2,440,NA
6,1978,804,6.69084227741856,7.34536484041687,7,1978,2,440,NA
6,1978,855,6.75227037614174,7.2841348061952,6,1978,2,440,NA
7,1976,836,6.72982407048948,6.72982407048948,5,1976,1,345,NA
5,1966,864,7.02197642307216,7.02197642307216,5,1966,2,656,NA
9,2007,1776,7.49276030092238,7.92768504561578,10,2007,3,754,NA
9,2009,1365,7.21964204013074,7.89766815072691,8,2009,3,864,NA
9,2008,2020,7.61134771740362,7.61134771740362,7,2008,3,896,NA
10,2007,2630,7.89170465933011,7.89170465933011,8,2007,3,762,NA
9,2008,1736,7.4599147662411,7.4599147662411,7,2008,3,834,NA
8,2004,1782,7.48605261786314,7.48605261786314,7,2004,3,932,NA
8,2007,1508,7.31920245876785,7.83241092718792,10,2007,3,640,NA
9,2008,1739,7.46393660446893,7.46393660446893,8,2008,3,927,NA
9,2006,1504,7.33432935030054,7.33432935030054,6,2006,3,700,NA
9,2008,1774,7.50052948539529,7.50052948539529,7,2008,3,850,NA
7,2003,1760,7.47363710849621,7.47363710849621,8,2003,2,583,NA
9,2003,2452,7.80506704425849,7.80506704425849,10,2003,3,886,NA
8,2003,1082,7.00850518208228,7.78364059622125,10,2003,3,730,NA
8,2006,1598,7.38212436573751,7.38212436573751,6,2006,3,871,NA
6,2005,1358,7.21450441415114,7.21450441415114,6,2005,2,484,NA
6,2005,1306,7.17548971362422,7.17548971362422,5,2005,2,624,NA
7,2007,1350,7.21450441415114,7.21450441415114,6,2008,2,484,NA
10,2004,2492,7.82124208352356,7.82124208352356,8,2004,3,949,NA
8,2003,2200,7.69666708152646,7.69666708152646,8,2003,3,685,NA
9,2008,1884,7.54168309988211,7.54168309988211,6,2008,2,649,NA
9,2008,1451,7.2841348061952,7.2841348061952,6,2008,2,539,NA
8,2002,1712,7.44600149832412,7.44600149832412,8,2002,3,701,NA
7,2003,1405,7.24850407237061,7.24850407237061,6,2003,2,478,NA
7,2005,728,6.59167373200866,7.2841348061952,8,2005,2,390,NA
6,2005,745,6.61472560020376,7.30720231476474,7,2005,2,392,NA
7,2005,1220,7.1074254741107,7.1074254741107,5,2005,2,397,NA
7,2004,384,6.61338421837956,7.22620901010067,6,2004,2,400,NA
7,2004,868,6.76734312526539,7.39694860262101,7,2004,2,436,NA
7,2004,846,6.74170069465205,7.37462901521894,7,2004,2,434,NA
7,2003,782,6.69332366826995,7.30653139893951,8,2003,2,400,NA
7,2003,698,6.54965074223381,7.20266119652324,7,2003,2,393,NA
8,2002,870,6.77878489768518,7.60339933974067,8,2002,3,644,NA
7,2004,384,6.61338421837956,7.22620901010067,7,2004,2,400,NA
6,2000,794,6.7093043402583,7.32317071794347,7,2000,2,394,NA
7,1999,384,6.65286302935335,7.26612877955645,7,1999,2,400,NA
7,1999,1177,7.10987946307227,7.74630066223144,8,1999,3,658,NA
7,1999,384,6.65286302935335,7.26612877955645,7,1999,2,410,NA
8,2000,1455,7.29097477814298,7.89655270164304,10,2000,3,810,NA
8,1994,2024,7.63240112660145,7.63240112660145,7,1994,3,815,NA
7,1995,1070,6.9985096422506,7.63143166457691,7,1995,2,647,NA
8,1993,1173,7.10332206252611,7.71110125184016,8,1993,2,623,NA
8,2008,1696,7.43661726523423,7.43661726523423,7,2008,3,972,NA
8,2008,1614,7.41397029019044,7.41397029019044,7,2008,3,726,NA
8,2007,1702,7.44014668066269,7.44014668066269,7,2007,3,844,NA
8,2006,1422,7.26752542782817,7.26752542782817,7,2006,2,492,NA
9,2005,2458,7.82043951526218,7.82043951526218,9,2005,3,795,NA
7,2008,1436,7.27031288607902,7.27031288607902,6,2008,2,529,NA
7,2008,1402,7.24636808010246,7.24636808010246,7,2008,2,625,NA
9,2007,1530,7.33367639565768,7.33367639565768,7,2008,3,984,NA
8,2006,1372,7.27862894232068,7.27862894232068,6,2006,2,692,NA
8,2006,900,6.8134445995109,7.49331724886215,8,2006,3,782,NA
8,2008,1836,7.51588908521513,7.51588908521513,8,2009,2,517,NA
7,2006,1652,7.41637847919293,7.41637847919293,8,2006,3,711,NA
7,2003,1553,7.34858753092759,7.34858753092759,6,2003,2,588,NA
7,2003,812,6.70073110954781,7.41095187558364,6,2003,2,628,NA
7,2007,1218,7.10578612948127,7.10578612948127,6,2007,2,576,NA
7,2006,1141,7.04053639021596,7.04053639021596,6,2006,2,484,NA
6,2004,1158,7.05531284333975,7.05531284333975,5,0,0,0,NA
7,2004,835,6.77078942390898,7.50273821075485,8,2004,2,478,NA
8,2004,1512,7.32184971378836,7.32184971378836,6,2004,3,845,NA
7,2004,1114,7.01660968389422,7.01660968389422,6,2005,2,576,NA
5,2004,1114,7.01660968389422,7.01660968389422,6,0,0,0,NA
5,2003,1114,7.01660968389422,7.01660968389422,6,2004,2,576,NA
7,2008,1450,7.28000825288419,7.28000825288419,6,2008,3,788,NA
7,1996,913,6.81783057145415,7.66058546170326,8,1997,2,559,NA
6,1992,816,6.72623340235875,7.45645455517621,6,1992,2,528,NA
6,1990,1332,7.19518732017871,7.19518732017871,5,1990,2,542,NA
7,1994,754,6.62671774924902,7.34018683532012,6,1994,2,495,NA
6,1986,676,6.54965074223381,7.24494154633701,6,1986,2,465,NA
6,1981,0,6.87212810133899,7.54062152865715,8,1981,2,612,NA
5,1962,980,6.88857245956536,6.88857245956536,5,1969,2,400,NA
5,1961,864,6.76272950693188,6.76272950693188,5,1982,2,732,NA
5,1961,864,6.76272950693188,6.76272950693188,5,1961,1,440,NA
5,1965,1024,6.92853781816467,6.92853781816467,5,1965,1,288,NA
5,1963,912,6.81673588059497,6.81673588059497,6,1963,1,300,NA
5,1962,912,6.81673588059497,6.81673588059497,6,1962,1,252,NA
8,1980,2014,7.60837447438078,7.60837447438078,6,1980,3,864,NA
7,1991,975,6.88346258641309,7.47079377419506,7,1991,2,524,NA
7,2004,1376,7.22766249872865,8.00836557031292,9,2004,3,704,NA
6,2008,1726,7.45414107814668,7.45414107814668,6,2008,2,561,NA
6,2008,1145,7.13648320859025,7.13648320859025,5,2008,2,641,NA
6,2000,756,6.62936325343745,7.32184971378836,4,2000,2,440,NA
7,1999,691,6.57088296233958,7.28138566357028,6,1999,2,506,NA
8,1977,1694,7.43543801981455,7.43543801981455,5,1977,2,642,NA
7,1981,1740,7.46221493976819,7.46221493976819,7,1981,2,540,NA
8,1976,392,7.30518821539304,7.82404601085629,5,1976,2,527,NA
7,1974,752,7.15929190479756,7.63433723562832,7,1974,2,784,NA
6,1967,932,7.14834574390007,7.87891291229713,8,1967,2,515,NA
5,1969,1288,7.19818357710194,7.19818357710194,6,1969,2,502,NA
6,1969,1216,7.10414409298753,7.10414409298753,5,1969,1,336,NA
7,1977,908,7.18311170174328,7.73587031995257,8,1977,2,520,NA
5,1967,864,6.76272950693188,6.76272950693188,5,1967,1,312,NA
5,1967,1568,7.35819375273303,7.35819375273303,7,1967,2,440,NA
7,1974,1165,7.06133436691044,7.63143166457691,8,1974,2,498,NA
6,1971,1232,7.18614430452233,7.18614430452233,5,1971,2,495,NA
4,1960,894,6.79682371827486,6.79682371827486,5,1988,2,396,NA
5,1959,864,6.76272950693188,6.76272950693188,5,1960,1,308,NA
4,1957,1040,7.21744343169653,7.21744343169653,6,1982,3,768,NA
5,1956,1048,7.45529848568329,7.45529848568329,7,1956,2,576,NA
5,1961,1313,7.18083119904456,7.18083119904456,6,1961,2,610,NA
5,1964,1292,7.16472037877186,7.16472037877186,6,1964,2,520,NA
5,1965,744,6.71659477352098,7.66902828858968,7,1965,2,549,NA
6,1961,1208,7.36327958696304,7.36327958696304,7,1961,2,368,NA
5,1955,960,6.86797440897029,6.86797440897029,5,1955,1,330,NA
6,1967,1680,7.43366654016617,7.43366654016617,5,1967,2,550,NA
6,1961,1453,7.28207365809346,7.28207365809346,6,1961,2,530,NA
6,1966,1562,7.35755620091035,7.35755620091035,5,1966,2,542,NA
5,1956,1169,7.04315991598834,7.04315991598834,6,1956,1,286,NA
7,1960,1329,7.1929342212158,7.1929342212158,5,1960,2,441,NA
6,1959,988,6.89669433162271,6.89669433162271,6,1959,1,297,NA
5,1956,1202,7.09257371597468,7.09257371597468,6,1956,1,304,NA
5,1955,1382,7.23201033166476,7.23201033166476,6,1955,1,350,NA
4,1956,1200,7.09090982207998,7.09090982207998,6,1956,1,294,NA
5,1958,1866,7.53208814354172,7.53208814354172,8,1958,2,495,NA
6,1954,1062,6.96885037834195,6.96885037834195,6,1954,1,297,NA
5,1951,631,7.01481435127554,7.01481435127554,5,1951,2,480,NA
5,1945,793,6.67708346124714,6.67708346124714,4,1945,1,240,NA
5,1952,1031,6.93925394604151,6.93925394604151,5,1952,1,230,NA
5,1953,0,7.09920174355309,7.09920174355309,7,1953,1,616,NA
7,1948,699,6.68710860786651,7.33171496972647,6,1948,2,410,NA
5,1950,1200,7.09090982207998,7.09090982207998,6,1950,1,246,NA
3,1958,792,6.67582322163485,6.67582322163485,4,1958,1,366,NA
5,1939,676,6.51767127291227,7.21007962817079,7,1939,2,720,NA
4,1900,405,6.57646956904822,6.94697599213542,6,1940,1,281,NA
5,1925,1054,6.98378996525813,6.98378996525813,6,1987,1,264,NA
4,1915,1313,7.18083119904456,7.77401507725073,8,1954,2,528,NA
7,1910,560,6.83625927727707,7.43307534889858,5,2008,2,624,NA
2,1940,416,6.39692965521615,6.39692965521615,4,0,0,0,NA
5,1920,720,6.74170069465205,6.74170069465205,4,1980,2,576,NA
3,1890,630,6.5875500148248,6.5875500148248,4,1959,1,320,NA
6,1969,1248,7.13009851012558,7.84188592898462,12,1969,3,907,NA
6,1963,1380,7.23056315340929,7.23056315340929,6,1963,1,364,NA
6,1967,1040,6.94793706861497,6.94793706861497,6,1967,2,480,NA
6,1958,951,6.85856503479136,6.85856503479136,6,1985,2,480,NA
6,1957,1105,7.00850518208228,7.00850518208228,5,1957,1,308,NA
6,1958,160,7.04141166379481,7.04141166379481,5,1958,1,384,NA
6,1950,795,6.64118216974059,7.0335064842877,5,1989,2,900,NA
5,1958,1041,6.94889722231331,6.94889722231331,6,1958,1,294,NA
5,1952,732,6.59714570188665,6.59714570188665,4,1952,1,240,NA
5,1959,528,7.07665381544395,7.07665381544395,6,1959,1,288,NA
4,1949,832,6.72503364216684,7.28756064030972,6,1949,1,384,NA
6,1948,864,6.97073007814353,7.31055015853442,6,1994,2,576,NA
6,1964,780,6.90173720665657,7.49942329059223,8,1964,2,483,NA
5,1978,941,6.84800527457636,6.84800527457636,4,1978,2,564,NA
6,1963,1045,6.95272864462487,6.95272864462487,6,1963,1,264,NA
6,1935,901,6.75925527066369,7.2291138777933,6,1920,1,162,NA
6,1910,972,6.880384082186,7.57301725605255,12,1920,2,324,NA
5,1910,240,6.69826805411541,7.17548971362422,6,1959,2,472,NA
5,1910,504,6.63987583382654,7.28961052145117,7,0,0,0,NA
5,1939,690,6.76734312526539,7.35179986905778,7,1939,2,400,NA
4,1920,600,7.00488198971286,7.43955930913332,8,0,0,0,NA
5,1910,801,6.68710860786651,7.27793857294566,6,0,0,0,NA
5,1950,768,6.64509096950564,7.19218205871325,6,1950,1,308,NA
4,1920,861,6.75925527066369,6.75925527066369,5,1920,2,288,NA
2,1940,0,6.41836493593621,6.41836493593621,4,1965,1,308,NA
5,1923,624,6.67582322163485,6.67582322163485,5,1963,1,287,NA
4,1910,677,6.72623340235875,7.32052696227274,7,1974,2,720,NA
6,1900,917,6.99484998583307,7.60489448081162,8,1930,1,357,NA
6,1917,624,6.49978704065585,7.16162200293919,5,1917,1,280,NA
4,1910,624,6.70563909486,6.70563909486,5,0,0,0,NA
6,1920,972,6.95177216439891,7.3004728142678,6,1920,1,207,NA
6,1910,741,6.66057514983969,7.32778053842163,8,1950,3,640,NA
3,1900,245,6.68210859744981,6.68210859744981,5,0,0,0,NA
6,1923,1022,7.26752542782817,7.26752542782817,6,1923,1,216,NA
5,1930,297,6.90975328164481,7.41155628781116,7,1955,1,336,NA
5,1924,468,6.71295620067707,7.04141166379481,6,1924,1,320,NA
5,1925,960,6.9037472575846,6.9037472575846,5,1926,1,264,NA
5,1938,952,6.90274273715859,7.36707705988101,6,1938,1,250,NA
5,1925,1072,6.9782137426307,6.9782137426307,5,1982,5,1184,NA
6,1915,1048,6.9555926083963,7.47816969415979,8,1930,2,576,NA
7,1915,672,7.14913159855741,7.57301725605255,8,1915,1,216,NA
5,1922,1040,6.99301512293296,7.66340766489348,11,0,0,0,NA
6,1927,720,7.04490511712937,7.56579328242851,8,1927,1,316,NA
6,1915,483,6.60934924316738,7.26403014289953,7,1915,1,379,NA
7,1902,1020,6.88653164253051,7.53101633207792,9,0,0,0,NA
6,1927,1204,7.09423484592476,7.41878088275079,4,1927,1,384,NA
4,1923,858,6.7945865808765,6.7945865808765,5,0,0,0,NA
6,1915,698,6.62671774924902,7.24708058458576,7,1915,1,308,NA
4,1946,560,6.55819780281227,6.55819780281227,4,1946,1,220,NA
5,1987,1200,7.09090982207998,7.09090982207998,5,0,0,0,NA
5,1978,1152,7.05012252026906,7.05012252026906,6,1960,1,252,NA
5,1934,585,6.53378883793334,7.01481435127554,6,1934,1,226,NA
5,1967,1052,6.95939851213398,6.95939851213398,6,1984,1,668,NA
6,1978,456,6.94215670569947,6.94215670569947,5,1978,2,504,NA
5,1961,552,6.80793494369993,7.48155570190952,8,1961,1,384,NA
6,1960,1138,7.03790596344718,7.03790596344718,6,1960,2,480,NA
5,1956,825,7.63626960337937,7.63626960337937,9,1956,1,336,NA
2,1947,0,6.49375383985169,6.49375383985169,5,0,0,0,NA
4,1954,0,7.23273313617761,7.23273313617761,6,1980,2,498,NA
5,1956,1073,6.97914527506881,6.97914527506881,5,1956,1,340,NA
6,1946,747,6.7945865808765,7.40245152081824,6,1946,1,240,NA
5,1954,1089,6.99393297522319,6.99393297522319,5,1954,1,252,NA
5,1984,1049,6.95654544315157,6.95654544315157,5,1984,1,266,NA
7,1990,1054,6.96790920180188,6.96790920180188,4,1990,2,462,NA
6,1983,520,7.19967834569117,7.19967834569117,5,1983,2,576,NA
7,1993,1079,6.98471632011827,7.539027055824,8,1993,2,473,NA
5,1880,0,7.16162200293919,7.60936653795421,7,1900,2,576,NA
5,1979,0,7.01660968389422,7.70930833338587,8,1979,2,720,NA
5,1979,0,7.33693691370762,7.33693691370762,8,1979,2,400,NA
5,1979,1094,7.11476944836646,7.11476944836646,6,1979,2,672,NA
5,1979,0,7.32251043399739,7.32251043399739,8,1979,2,400,NA
7,2000,1168,7.06390396147207,7.93307977188041,8,2000,4,820,NA
7,2000,1168,7.06390396147207,7.93307977188041,8,2000,4,820,NA
7,2000,1168,7.06390396147207,7.93307977188041,8,2000,4,820,NA
9,2009,1555,7.42714413340862,7.42714413340862,8,2009,3,1138,NA
9,2008,1720,7.45066079621154,7.45066079621154,8,2008,3,846,NA
8,2008,1468,7.29233717617388,7.29233717617388,6,2008,3,904,NA
8,2007,1838,7.51697722460432,7.51697722460432,7,2007,2,524,NA
7,2007,1282,7.16317239084664,7.16317239084664,6,2007,2,662,NA
8,2008,1254,7.13489085156588,7.13489085156588,5,2008,3,810,NA
8,2005,1498,7.3125534981026,7.3125534981026,7,2005,3,844,NA
6,2005,704,6.55819780281227,7.26052259808985,7,2005,2,440,NA
7,1992,1449,6.85118492749374,7.4730690880322,7,1992,2,525,NA
5,1994,990,6.89871453432999,6.89871453432999,5,1995,1,440,NA
7,1998,1463,7.28892769452126,7.28892769452126,5,1998,2,539,NA
6,1998,928,6.83410873881384,7.48042830607421,7,1998,2,492,NA
7,2002,1431,7.27586460054653,7.27586460054653,6,2002,2,577,NA
7,2001,1492,7.30854279753919,7.30854279753919,6,2001,2,608,NA
5,1978,907,6.81124437860129,6.81124437860129,5,1978,1,343,NA
5,1979,914,6.81892406527552,6.81892406527552,5,1979,2,444,NA
7,2002,1569,7.38523092306657,7.38523092306657,6,2002,3,1231,NA
8,2003,1068,6.97447891102505,7.68937110752969,8,2003,2,570,NA
7,2002,840,6.73459165997295,7.45356187164337,6,2002,2,550,NA
7,2001,944,6.85118492749374,7.53422832627409,6,2001,2,608,NA
8,1999,1462,7.32251043399739,7.32251043399739,5,1999,2,521,NA
8,2002,1822,7.51152464839087,7.51152464839087,7,2002,2,523,NA
7,1997,1417,7.25700270709207,7.25700270709207,7,1997,2,511,NA
8,2007,1578,7.37963215260955,7.37963215260955,7,2007,3,810,NA
6,2007,608,6.4118182677099,7.24208235925696,6,2007,2,440,NA
4,1960,1014,7.0475172213573,7.0475172213573,7,1968,1,544,NA
6,2005,547,6.9782137426307,6.9782137426307,5,2005,2,525,NA
4,1959,876,6.77650699237218,6.77650699237218,5,1959,1,320,NA
5,1950,1078,7.22183582528845,7.22183582528845,6,1950,1,195,NA
5,1959,1678,7.42595365707754,7.42595365707754,10,0,0,0,NA
5,1956,1150,7.35308192051543,7.35308192051543,7,1956,1,313,NA
5,1941,720,6.75110146893676,7.1693500166706,6,1940,1,256,NA
5,1938,832,6.72503364216684,7.14598446771439,7,1938,1,250,NA
6,1935,583,6.47389069635227,7.12528309151071,6,1926,1,180,NA
6,1916,816,7.11720550316434,7.11720550316434,6,1916,2,440,NA
7,1918,600,6.44413125670044,7.11395610956603,6,1918,1,215,NA
5,1940,840,6.73459165997295,7.35755620091035,6,1961,2,440,NA
5,1960,1273,7.14991683613211,7.14991683613211,5,1960,1,307,NA
7,1940,920,7.12367278520461,7.8164169836918,13,1940,2,400,NA
5,1954,1112,7.01481435127554,7.01481435127554,6,1954,1,390,NA
6,1960,1561,7.35372233039963,7.35372233039963,6,1960,2,463,NA
5,1949,1067,6.89467003943348,7.32909373624659,7,1949,1,295,NA
6,1954,1310,7.55328660560042,7.55328660560042,6,1954,2,576,NA
6,1980,516,6.24804287450843,6.94022246911964,5,1980,2,452,NA
6,1980,561,6.33150184989369,7.11476944836646,5,1980,2,462,NA
6,1980,561,6.33150184989369,7.11476944836646,5,1980,2,462,NA
6,1986,572,7.07580886397839,7.5923661285198,6,1986,2,501,NA
7,1971,1803,7.76895604453833,7.76895604453833,7,1971,2,551,NA
5,1900,760,6.83410873881384,7.68202151082687,11,1998,2,576,NA
4,1925,572,6.35088571671474,6.35088571671474,4,1940,1,200,NA
8,2007,1596,7.4079243225596,7.4079243225596,5,2007,2,482,NA
2,1910,0,6.69826805411541,6.69826805411541,4,1975,1,280,NA
8,2000,1107,6.94793706861497,7.62705741701893,7,2000,3,642,NA
6,1977,902,6.83195356556585,6.83195356556585,5,1977,1,351,NA
6,1977,957,7.1608459066643,7.1608459066643,5,1977,2,541,NA
5,1991,1582,7.37525577800975,7.37525577800975,5,1991,2,672,NA
9,2008,2190,7.61923341622681,7.61923341622681,9,2008,3,780,NA
9,2008,1641,7.40367029001237,7.40367029001237,7,2008,3,885,NA
6,1980,712,7.22693601849329,7.71333788887187,7,1980,2,440,NA
7,1987,1645,7.29979736675816,7.29979736675816,7,1987,2,578,NA
7,2003,912,6.9782137426307,7.60837447438078,9,2003,2,486,NA
9,2007,1978,7.59034694560257,7.59034694560257,7,2007,3,920,NA
5,1968,1008,6.91671502035361,6.91671502035361,6,1968,1,384,NA
5,1969,1188,7.24779258176785,7.24779258176785,7,1969,2,504,NA
5,1972,796,6.68085467879022,6.68085467879022,4,1998,1,336,NA
6,1993,384,6.99576615630485,6.99576615630485,5,1993,1,429,NA
5,1992,828,6.78445706263764,6.78445706263764,5,1998,2,698,NA
5,1992,624,6.4377516497364,7.1608459066643,6,2001,2,440,NA
5,1969,784,6.66568371778241,7.39817409297047,7,1969,2,898,NA
6,1997,926,6.83195356556585,7.38087903556412,7,1997,2,470,NA
6,1995,680,6.52356230614951,7.29369772060144,7,1995,2,420,NA
6,1998,926,6.83195356556585,7.38087903556412,7,1998,2,472,NA
6,1996,916,6.82110747225646,7.40062057737113,7,1996,2,386,NA
5,1996,1348,7.23345541862144,7.23345541862144,7,1996,2,404,NA
8,1997,1664,7.42833319419081,7.42833319419081,6,1997,2,528,NA
8,1992,1280,7.15539630189673,7.15539630189673,5,1992,2,506,NA
6,1998,932,6.83840520084734,7.39878627541995,7,1998,2,460,NA
6,1991,836,6.74758652682932,7.44424864949671,7,1991,2,416,NA
8,1989,1337,7.19893124068817,7.19893124068817,5,1989,2,462,NA
8,2005,1168,7.06390396147207,7.82444593087762,9,2005,3,683,NA
9,2004,1884,7.54168309988211,7.54168309988211,7,2004,3,670,NA
6,1952,1632,7.29641326877392,7.29641326877392,7,1952,2,495,NA
9,2007,1710,7.44483327389219,7.44483327389219,6,2007,2,557,NA
6,1950,1488,7.30586003268401,7.30586003268401,6,1950,2,738,NA
7,1988,1675,7.4318919168078,7.4318919168078,6,1988,2,528,NA
7,1983,1260,7.13966033596492,7.13966033596492,6,1983,2,598,NA
7,1978,2048,7.63288550539513,7.63288550539513,7,1978,2,550,NA
7,1979,1782,7.48605261786314,7.48605261786314,6,1979,2,551,NA
6,1976,1211,7.10002716662926,7.10002716662926,6,1976,2,461,NA
7,1980,738,7.15305163493748,7.6231530684769,7,1980,2,489,NA
5,1969,720,6.58063913728495,7.1770187659099,7,1969,2,484,NA
7,1978,1420,7.2591161280971,7.95191138185419,8,1978,4,1314,NA
6,1976,1444,7.27586460054653,7.27586460054653,5,1976,2,473,NA
8,1996,1236,7.12044437239249,7.75833346749091,9,1996,3,787,NA
5,1974,896,6.7990558620588,7.49164547360513,8,1982,2,480,NA
4,1969,936,6.84268328223842,6.84268328223842,4,1969,1,288,NA
5,1971,864,6.76272950693188,6.76272950693188,5,1977,2,576,NA
6,1973,483,6.18208490671663,6.89568269774787,5,1973,1,264,NA
6,1972,483,6.18208490671663,6.89568269774787,5,1975,1,352,NA
5,1972,630,6.44730586254121,7.17242457712485,6,1972,1,264,NA
6,1975,855,6.75227037614174,7.2841348061952,7,1975,2,460,NA
7,1977,1055,6.96224346426621,6.96224346426621,4,1977,2,440,NA
8,2007,1582,7.36707705988101,7.36707705988101,7,2007,3,905,NA
8,2007,2418,7.80994708647679,7.80994708647679,9,2007,3,650,NA
9,2007,1950,7.57609734062311,7.57609734062311,7,2007,3,706,NA
9,2006,1850,7.5234813125735,7.91899248816525,9,2006,3,850,NA
10,2005,1620,7.39817409297047,7.93415523353632,10,2005,4,1150,NA
9,2005,1414,7.25488481007734,7.75448154747038,9,2005,3,1003,NA
8,2007,948,6.85540879860993,7.64444076155657,10,2007,3,656,NA
8,2004,1148,7.06561336359772,7.75491027202143,9,2004,3,756,NA
10,2003,2535,7.81237820598861,7.81237820598861,7,2003,3,789,NA
8,2003,1603,7.36264527041782,7.36264527041782,7,2003,3,732,NA
8,2001,1479,7.32383056620232,7.88231491898027,10,2001,3,746,NA
8,2003,1765,7.49831587076698,7.89766815072691,9,2003,3,795,NA
9,2008,1858,7.53208814354172,7.53208814354172,7,2008,3,870,NA
7,2005,1367,7.2211050981825,7.2211050981825,6,2005,2,484,NA
9,2007,1800,7.49609734517596,7.49609734517596,6,2008,3,944,NA
8,2006,1342,7.20266119652324,7.20266119652324,6,2007,2,550,NA
8,2006,1342,7.20266119652324,7.20266119652324,6,2007,2,550,NA
7,2003,764,6.63987583382654,7.39449310721904,6,2003,2,474,NA
7,2003,1415,7.28344822875663,7.28344822875663,6,2003,3,644,NA
7,2004,1393,7.36327958696304,7.36327958696304,7,2004,3,668,NA
7,2007,1146,7.12849594568004,7.12849594568004,5,2007,2,428,NA
6,2004,789,6.70196036600254,7.32383056620232,8,2004,2,393,NA
7,2002,840,6.73459165997295,7.45066079621154,7,2002,2,400,NA
7,2003,847,6.7428806357919,7.59438124255182,9,2003,2,434,NA
7,2007,1350,7.21450441415114,7.21450441415114,6,2008,2,484,NA
7,2000,982,6.91671502035361,7.54591815120932,8,2000,2,431,NA
7,2002,707,6.56244409369372,7.25488481007734,6,2002,2,403,NA
7,1999,1037,6.94505106372583,7.75061473277041,8,1999,2,400,NA
7,1999,831,6.77308037565554,7.40974195408092,7,1999,2,450,NA
8,1997,1173,7.07580886397839,7.69621263934641,9,1997,2,516,NA
9,2000,1519,7.3356339819272,7.68386398025643,8,2000,3,687,NA
8,1998,1982,7.60439634879634,7.60439634879634,5,1998,3,938,NA
7,1996,1064,6.97073007814353,7.66199755890189,12,1996,2,576,NA
8,1995,1242,7.13249755166004,7.82484569102686,9,1995,3,751,NA
7,1993,1080,7.01121398735037,7.69530313496357,9,1993,3,783,NA
7,2006,1578,7.36454701425564,7.36454701425564,7,2006,3,642,NA
8,2007,1341,7.20191631753163,7.52940645783701,7,2007,3,851,NA
8,2007,955,6.8627579130514,7.53636393840451,8,2007,3,880,NA
8,2006,1460,7.2868764117507,7.2868764117507,6,2006,2,480,NA
8,2007,1363,7.22475340576797,7.22475340576797,6,2008,2,588,NA
8,2007,1660,7.41517510961329,7.41517510961329,7,2007,3,660,NA
7,2007,1218,7.10578612948127,7.10578612948127,6,2008,2,462,NA
6,2003,835,6.7286286130847,7.43661726523423,7,2003,2,542,NA
7,2003,835,6.7286286130847,7.41697962138115,8,2003,2,478,NA
6,2005,1175,7.06987412845857,7.06987412845857,6,0,0,0,NA
7,2007,1162,7.05875815251866,7.05875815251866,6,2007,2,483,NA
6,1995,754,6.62671774924902,7.38398945797851,6,1995,2,525,NA
6,1993,886,6.78784498230958,7.42714413340862,7,1993,2,474,NA
7,1994,832,6.72503364216684,7.41336733569524,6,1994,2,483,NA
6,2001,827,6.71901315438526,7.42535788702715,7,2001,2,627,NA
7,1992,836,6.73933662735717,7.46049030582534,7,1992,2,506,NA
5,1963,984,6.89264164117209,6.89264164117209,5,1963,1,384,NA
5,1961,864,6.76272950693188,6.76272950693188,5,1962,1,420,NA
5,1968,890,6.79234442747081,6.79234442747081,5,1970,1,308,NA
5,1963,864,6.76272950693188,6.76272950693188,5,1963,1,276,NA
6,1974,1430,7.26612877955645,7.26612877955645,6,1974,2,484,NA
5,1972,1001,6.90975328164481,7.40367029001237,5,1972,2,490,NA
6,1990,930,7.21890970761906,7.89506349809157,9,1990,2,473,NA
9,1993,1848,7.5109777520141,7.93272102748195,10,1993,2,636,NA
7,2004,1235,7.1276936993474,7.1276936993474,5,2004,2,495,NA
6,2005,600,6.39859493453521,7.09090982207998,5,2005,2,480,NA
7,2007,689,6.55677835615804,7.23921497377981,5,2007,2,540,NA
6,1999,744,6.63068338564237,7.34601020991329,6,1999,2,440,NA
9,2000,1614,7.40184157874383,7.40184157874383,5,2000,2,495,NA
9,2001,1310,7.1785454837637,7.1785454837637,5,2001,2,545,NA
9,2001,1419,7.25841215059531,7.25841215059531,5,2001,2,588,NA
9,1999,1557,7.35115822643069,7.35115822643069,5,1999,2,484,NA
7,1999,672,6.52941883826223,7.24779258176785,5,1999,2,462,NA
7,2001,858,6.7719355558396,7.4899708988348,7,2001,2,546,NA
8,1999,960,6.87005341179813,7.36960072052641,7,1999,2,480,NA
8,1999,960,6.87005341179813,7.38274644973891,7,2000,2,480,NA
10,1998,970,7.29301767977278,7.78072088611792,7,1998,2,846,NA
8,1995,1230,7.12286665859908,7.12286665859908,4,1995,2,477,NA
9,1977,994,7.37775890822787,7.98786409608569,9,1977,3,864,NA
8,1976,1426,7.42177579364465,7.42177579364465,6,1976,2,550,NA
7,2002,952,6.8596149036542,7.50273821075485,7,2002,2,469,NA
6,1969,1427,7.26403014289953,7.26403014289953,7,1969,2,516,NA
6,1968,1740,7.46221493976819,7.46221493976819,8,1968,2,512,NA
7,1967,1620,7.39079852173568,7.39079852173568,8,1967,2,578,NA
5,1965,1625,7.39387829010776,7.39387829010776,8,1965,2,484,NA
5,1968,732,6.59714570188665,7.28961052145117,7,1968,2,470,NA
5,1965,912,6.83087423464618,6.83087423464618,5,1978,2,576,NA
5,1965,1728,7.45529848568329,7.45529848568329,10,1987,2,576,NA
7,1971,825,6.74051935960622,7.42117752859539,7,1971,2,464,NA
5,1956,0,6.92264389147589,6.92264389147589,6,1956,1,267,NA
5,1961,1114,7.01660968389422,7.01660968389422,5,1961,2,451,NA
5,1960,1118,7.02019070831193,7.02019070831193,6,1960,1,264,NA
4,1937,348,6.11809719804135,6.81014245011514,5,1937,1,231,NA
5,1960,1296,7.31121838441963,7.31121838441963,6,1960,2,450,NA
5,1950,572,7.19893124068817,7.19893124068817,7,1950,1,264,NA
5,1953,1036,6.94408720822953,6.94408720822953,5,1953,1,312,NA
6,1966,1104,7.00760061395185,7.59538727885397,9,1966,2,480,NA
5,1957,1176,7.07072410726028,7.07072410726028,6,1957,1,292,NA
5,1959,1248,7.27309259599952,7.27309259599952,7,1959,1,480,NA
6,1958,1395,7.35946763825562,7.35946763825562,5,1958,2,441,NA
5,1956,1104,7.00760061395185,7.00760061395185,5,1956,1,384,NA
5,1952,720,6.78332520060396,6.78332520060396,4,1952,1,240,NA
5,1953,1152,7.05012252026906,7.05012252026906,6,1971,2,636,NA
5,1953,984,6.85751406254539,6.85751406254539,5,1953,2,400,NA
6,1957,998,7.49052940206071,7.49052940206071,6,1957,2,540,NA
5,1957,0,7.4759059693674,7.4759059693674,7,1957,1,301,NA
5,1957,1824,7.50933526601659,7.50933526601659,9,1958,2,484,NA
4,1948,0,6.76849321164863,6.76849321164863,3,1948,1,390,NA
5,1925,747,6.61740297797448,7.05617528410041,5,1932,1,288,NA
4,1940,672,6.51174532964473,6.51174532964473,4,1997,1,308,NA
5,1922,892,7.13489085156588,7.27031288607902,7,1968,4,1488,NA
5,1968,912,6.95177216439891,6.95177216439891,5,1990,2,372,NA
7,1958,1312,7.1800698743028,7.1800698743028,6,1958,2,495,NA
6,1960,1081,6.98656645940643,6.98656645940643,5,1960,1,401,NA
5,1951,876,6.77650699237218,6.77650699237218,5,1972,2,576,NA
5,1959,1256,7.13648320859025,7.13648320859025,6,1959,1,311,NA
5,1962,1027,6.93537044601511,6.93537044601511,6,1962,1,299,NA
6,1948,768,6.7093043402583,7.18614430452233,5,1994,2,576,NA
6,1954,936,6.89264164117209,6.89264164117209,4,1954,1,280,NA
6,1954,854,6.75110146893676,7.15383380157884,6,1954,1,240,NA
5,1961,1800,7.49609734517596,7.49609734517596,10,0,0,0,NA
5,1955,768,6.93244789157251,7.37086016653672,6,1955,2,480,NA
5,1954,825,6.71659477352098,6.71659477352098,4,1954,1,350,NA
5,1963,1117,7.01929665371504,7.01929665371504,6,1963,1,264,NA
6,2008,192,7.0335064842877,7.0335064842877,7,2008,1,308,NA
5,1948,780,6.85540879860993,7.18841273649695,6,1948,2,400,NA
5,1910,680,6.52356230614951,7.21597500265147,6,1910,1,330,NA
5,1940,672,6.51174532964473,6.51174532964473,4,1950,1,256,NA
6,1915,728,6.59167373200866,7.2841348061952,7,1915,1,308,NA
4,1910,828,6.7202201551353,7.37462901521894,9,0,0,0,NA
4,1940,801,6.99942246750796,7.41276401742656,8,1958,2,440,NA
5,1920,936,6.86797440897029,7.46221493976819,6,1920,1,225,NA
7,1920,931,6.93537044601511,6.93537044601511,5,0,0,0,NA
6,1940,884,6.78558764500793,7.27031288607902,8,1940,2,828,NA
5,1910,481,6.80239476332431,6.80239476332431,5,1930,1,200,NA
5,1890,684,6.52941883826223,6.98564181763921,5,0,0,0,NA
5,1946,904,6.80793494369993,7.3132203870903,5,1959,3,869,NA
2,1946,407,6.01126717440416,6.01126717440416,3,1949,1,297,NA
3,1949,448,7.37086016653672,7.37086016653672,6,0,0,0,NA
5,1900,797,6.72262979485545,7.39510754656249,10,1950,2,420,NA
7,1920,624,6.59441345974978,7.28000825288419,7,1935,1,288,NA
5,1900,346,6.56526497003536,6.92559519711047,5,1961,1,308,NA
5,1920,973,7.2283884515736,7.76259604854007,10,1930,2,393,NA
5,1905,572,6.78558764500793,7.34018683532012,7,0,0,0,NA
2,1920,723,6.58479139238572,6.99117688712121,5,1920,2,400,NA
7,1890,1313,7.18083119904456,7.82244472948932,10,1950,2,342,NA
5,1959,984,6.89264164117209,6.89264164117209,5,1959,1,308,NA
4,1958,869,6.99759598298193,6.99759598298193,5,1959,1,308,NA
5,1928,1008,7.04228617193974,7.04228617193974,5,1992,1,288,NA
7,1945,672,7.08673793451058,7.41997992366183,8,1945,1,252,NA
5,1935,1024,7.04315991598834,7.46106551435428,6,1950,1,240,NA
5,1941,672,6.72503364216684,7.09920174355309,6,1941,1,240,NA
6,1900,554,6.60258789218934,7.16317239084664,6,1926,1,200,NA
6,1940,981,6.92264389147589,7.42237370098682,6,1940,1,240,NA
5,1924,949,6.85646198459459,6.85646198459459,5,1924,2,370,NA
6,1937,825,6.71659477352098,7.31188616407716,5,2004,1,672,NA
6,1939,739,6.77422388635761,7.20266119652324,7,1939,1,240,NA
6,1926,992,6.92165818415113,6.92165818415113,6,1926,1,160,NA
5,1920,565,6.33859407820318,7.10414409298753,6,1920,1,355,NA
4,1946,NA,6.7990558620588,6.7990558620588,4,1946,1,280,NA
4,1929,704,6.4377516497364,7.03614849375054,6,1990,1,336,NA
5,1945,0,6.69579891705849,6.69579891705849,6,1925,1,164,NA
7,1939,989,7.1276936993474,7.60589000105312,7,1939,2,400,NA
5,1923,1100,7.11232744471091,7.55118686729615,7,1960,2,576,NA
6,1915,810,7.06561336359772,7.44833386089748,8,1970,2,672,NA
6,1910,1242,7.12528309151071,7.59337419312129,8,0,1,360,NA
6,1910,796,6.71659477352098,7.38398945797851,7,1910,1,228,NA
6,1930,768,6.64509096950564,6.64509096950564,4,1930,2,440,NA
6,1952,768,6.64509096950564,7.3375877435386,7,1952,1,308,NA
6,1938,1272,7.14913159855741,7.58578882173203,9,1938,2,400,NA
5,1915,880,6.78105762593618,7.1770187659099,6,1950,2,400,NA
6,1925,1040,6.94793706861497,6.94793706861497,5,1993,2,320,NA
6,1925,768,6.67076632084587,7.12044437239249,6,1985,1,384,NA
5,1912,451,6.63331843328038,6.63331843328038,5,1997,2,576,NA
3,1915,536,6.69579891705849,7.20414929203594,8,0,0,0,NA
5,1947,1046,6.96129604591017,6.96129604591017,6,1947,1,240,NA
5,1963,981,6.98100574072173,6.98100574072173,6,1996,2,440,NA
6,1978,1008,7.00033446027523,7.00033446027523,6,1978,2,484,NA
5,1967,992,6.90073066404517,6.90073066404517,6,1967,1,294,NA
6,1978,450,6.94215670569947,6.94215670569947,6,1978,2,504,NA
5,1967,1073,6.97914527506881,6.97914527506881,6,1967,1,270,NA
5,1984,1060,7.02731451403978,7.02731451403978,5,1984,2,506,NA
5,1920,1300,7.03966034986208,7.03966034986208,6,1920,2,400,NA
5,1963,960,6.86797440897029,6.86797440897029,6,1963,1,300,NA
6,1956,988,7.08086789669078,7.08086789669078,4,1956,2,621,NA
5,1960,988,7.45124168498768,7.45124168498768,7,1960,2,626,NA
5,1941,576,6.76272950693188,7.2086003379602,6,1973,3,627,NA
5,1970,864,6.80793494369993,6.80793494369993,5,1979,3,912,NA
7,1979,1524,7.32974968904151,7.32974968904151,7,1979,2,478,NA
7,1948,570,6.42648845745769,6.98471632011827,5,1948,1,249,NA
5,1940,1580,7.32580750259577,7.32580750259577,5,0,0,0,NA
5,1956,1509,7.31986492980897,7.31986492980897,6,1956,1,322,NA
5,1975,864,6.76272950693188,6.76272950693188,4,0,0,0,NA
6,1962,621,6.43294009273918,7.14677217945264,7,1962,1,280,NA
6,1995,1077,6.99759598298193,7.94271754057379,9,1995,2,614,NA
7,1994,1602,7.39449310721904,7.39449310721904,7,1994,2,534,NA
7,1993,812,7.00488198971286,7.69666708152646,9,1993,2,453,NA
7,1996,672,7.17242457712485,7.61972421378267,8,1996,2,472,NA
7,2007,628,6.44413125670044,7.21303165983487,6,2007,2,484,NA
8,2007,1615,7.38770923908104,7.38770923908104,7,2007,3,864,NA
9,2008,2271,7.73061406606374,7.73061406606374,7,2008,3,1348,NA
9,2008,1751,7.4770384723197,7.4770384723197,8,2008,3,874,NA
8,1995,1401,7.32118855673948,7.32118855673948,6,1995,3,811,NA
6,1966,1182,7.40488757561612,7.40488757561612,6,1966,2,438,NA
5,1994,990,6.89871453432999,6.89871453432999,5,1997,2,528,NA
7,1997,1418,7.25770767716004,7.25770767716004,5,1997,2,558,NA
6,1997,864,6.7719355558396,7.47986413116503,6,1997,2,600,NA
7,2000,782,6.6631326959908,7.41034709782102,6,2000,2,532,NA
7,2000,928,6.83410873881384,7.50878717063428,6,2000,2,626,NA
5,1978,864,7.06902342657826,7.06902342657826,5,1978,2,528,NA
5,1975,1076,6.98193467715639,6.98193467715639,5,1985,2,576,NA
5,1975,864,7.35179986905778,7.35179986905778,5,1975,2,440,NA
7,2001,1257,7.16317239084664,7.67878899819915,8,2001,2,570,NA
9,2001,1357,7.22037383672395,7.57455848420248,7,2001,3,725,NA
8,2002,1778,7.48829351515943,7.48829351515943,6,2002,3,715,NA
7,2003,1129,7.02997291170639,7.75276480885133,9,2003,2,596,NA
8,1999,850,6.78784498230958,7.4759059693674,7,1999,2,560,NA
6,2004,848,6.74405918631135,6.74405918631135,3,2004,2,420,NA
6,1997,1838,7.51697722460432,7.51697722460432,8,1998,3,721,NA
7,2004,1445,7.27655640271871,7.27655640271871,6,2004,2,470,NA
7,2007,1564,7.35564110297425,7.35564110297425,6,2007,3,814,NA
7,2007,1351,7.21670948670946,7.21670948670946,6,2007,2,610,NA
5,1966,1092,6.99668148817654,6.99668148817654,6,1966,1,264,NA
5,1976,456,6.94119005506837,6.94119005506837,6,1976,2,504,NA
6,1976,1127,7.028201432058,7.028201432058,6,1991,2,480,NA
6,1977,1029,7.01929665371504,7.01929665371504,6,1977,2,542,NA
6,1976,684,6.52941883826223,7.24351297466548,6,1976,2,440,NA
5,1959,0,8.2482674474469,8.2482674474469,11,1959,2,624,NA
4,1955,0,7.05012252026906,7.05012252026906,6,0,0,0,NA
4,1955,0,7.05012252026906,7.05012252026906,6,0,0,0,NA
4,1955,784,6.66568371778241,6.66568371778241,4,0,0,0,NA
5,1938,585,6.37331978957701,6.96034772910131,5,0,0,0,NA
5,1947,0,6.8351845861473,7.03702761468628,8,0,0,0,NA
4,1953,911,6.83625927727707,6.83625927727707,5,1953,1,286,NA
4,1954,416,7.09423484592476,7.09423484592476,6,1954,1,312,NA
4,1923,949,6.85646198459459,7.16472037877186,6,1923,1,205,NA
7,1921,1228,7.26192709270275,7.26192709270275,7,1921,1,312,NA
6,1930,960,6.86797440897029,7.56060116276856,10,1930,2,480,NA
6,1926,644,6.51174532964473,7.18311170174328,6,2001,1,369,NA
6,1914,676,6.51767127291227,7.14282740116162,6,1994,2,400,NA
8,1925,798,6.68336094576627,7.32184971378836,7,1925,1,180,NA
6,1923,784,6.7093043402583,7.38025578842646,7,1980,2,599,NA
5,1937,942,7.14361760270412,7.56992765524265,7,1937,1,240,NA
5,1938,884,6.83840520084734,7.22620901010067,6,1938,1,225,NA
6,1951,1091,6.99576615630485,6.99576615630485,5,1951,1,344,NA
8,1935,608,6.89162589705225,7.53583046279837,9,1935,2,786,NA
7,1950,832,7.10578612948127,7.67878899819915,8,1994,2,506,NA
5,1956,1898,7.54908271081229,7.54908271081229,7,1956,2,484,NA
6,1980,516,6.24804287450843,6.94022246911964,5,1980,2,462,NA
6,1926,894,6.82437367004309,6.82437367004309,5,1926,1,195,NA
6,1940,720,6.63463335786169,6.99484998583307,5,1940,1,240,NA
5,1930,780,6.66057514983969,7.09090982207998,7,0,0,0,NA
5,1967,624,6.99668148817654,7.41276401742656,7,1967,1,288,NA
5,1930,520,6.81673588059497,6.81673588059497,5,1934,1,360,NA
5,1958,1151,7.04925484125584,7.57865685059476,7,1958,1,356,NA
1,1952,0,6.59850902861452,6.59850902861452,4,1952,2,487,NA
4,1895,173,6.71659477352098,7.21670948670946,6,1895,1,185,NA
4,1910,356,6.51025834052315,6.95654544315157,5,1910,1,195,NA
4,1920,592,6.07073772800249,6.76272950693188,5,1920,1,216,NA
8,2007,1596,7.4079243225596,7.4079243225596,5,2007,2,525,NA
7,2004,1594,7.40671073017764,7.40671073017764,5,2004,2,482,NA
7,1996,1840,7.61726781362835,7.61726781362835,7,1996,3,786,NA
7,1996,910,6.81454289725996,7.50714107972761,8,1996,3,816,NA
5,1976,0,6.84268328223842,7.53529670244409,8,1976,2,484,NA
4,1991,1680,7.43248380791712,7.43248380791712,6,1991,2,432,NA
7,1986,1277,7.31455283232408,7.31455283232408,6,1986,2,512,NA
8,2006,1518,7.33823815006559,7.33823815006559,8,2007,3,788,NA
8,2007,920,6.82546003625531,7.48493028328966,6,2007,2,612,NA
5,2006,352,6.5694814204143,7.27447955877387,6,2007,2,400,NA
7,2008,796,6.68085467879022,7.38585107812521,6,2008,3,666,NA
6,1989,1495,7.31055015853442,7.31055015853442,8,1989,2,438,NA
6,1986,1256,7.13648320859025,7.13648320859025,6,1986,2,578,NA
8,2003,1432,7.27309259599952,7.27309259599952,7,2003,2,467,NA
6,1999,1666,7.42416528104203,7.42416528104203,6,1999,2,435,NA
8,2007,1884,7.45529848568329,7.45529848568329,7,2007,2,520,NA
8,2005,1964,7.58324752430336,7.58324752430336,7,2005,3,892,NA
7,1997,1344,7.20414929203594,7.20414929203594,8,1997,4,784,NA
5,2007,1092,6.99668148817654,6.99668148817654,5,0,0,0,NA
6,1997,1189,7.08170858610557,7.08170858610557,4,1997,2,392,NA
4,1964,1200,7.09090982207998,7.09090982207998,6,1964,3,850,NA
5,1975,1040,6.94793706861497,6.94793706861497,6,1975,2,499,NA
5,1976,550,6.83087423464618,7.29709100516042,6,1976,1,336,NA
4,1973,526,6.26720054854136,6.89669433162271,5,1973,1,297,NA
4,1973,462,6.26720054854136,6.89669433162271,4,1973,1,297,NA
5,1968,1113,7.05703698169789,7.05703698169789,6,1968,1,257,NA
6,1970,546,6.30444880242198,6.99668148817654,6,0,0,0,NA
5,1983,816,6.70563909486,6.70563909486,4,1983,1,264,NA
5,1982,845,6.74051935960622,6.74051935960622,6,1982,1,264,NA
5,1984,864,6.79122146272619,6.79122146272619,6,1984,2,484,NA
5,1900,686,7.04838640872188,7.51588908521513,7,1900,1,288,NA
6,1971,1587,7.37023064180708,7.37023064180708,7,1971,2,525,NA
6,1997,384,6.62671774924902,7.23345541862144,7,1997,2,390,NA
6,1994,392,6.82979373751242,7.43543801981455,7,1994,2,398,NA
6,1999,923,6.85435450225502,7.44716835960004,7,2000,2,451,NA
7,1996,691,6.53958595561767,7.34858753092759,6,1996,2,420,NA
6,1999,938,6.86484777797086,7.74066440191724,7,1999,2,482,NA
7,1992,1168,7.08002649992259,7.08002649992259,6,1992,2,420,NA
6,1993,903,6.81454289725996,7.40427911803727,7,1993,2,392,NA
6,1964,1302,7.02908756414966,7.02908756414966,6,1964,2,480,NA
8,1988,1166,7.07326971745971,7.07326971745971,5,1988,2,480,NA
8,1990,1312,7.18690102041163,7.18690102041163,4,1990,2,484,NA
8,2005,1149,7.0604763659998,7.8407064517494,10,2005,3,729,NA
9,2006,2660,7.75747876658418,7.75747876658418,8,2005,3,1110,NA
5,1969,1100,7.26192709270275,7.26192709270275,7,1969,3,828,NA
9,2006,1612,7.38585107812521,7.38585107812521,6,2006,2,556,NA
8,2006,2220,7.71199650704767,7.71199650704767,7,2006,2,724,NA
10,2006,1742,7.62217459481762,7.62217459481762,8,2007,3,724,NA
6,1984,1284,7.15851399732932,7.15851399732932,5,1984,2,480,NA
7,1981,725,6.5875500148248,7.29979736675816,6,1981,2,484,NA
7,1978,1529,7.41758040241454,7.41758040241454,7,1978,2,663,NA
7,1979,780,6.99025650049388,7.56579328242851,9,1979,2,481,NA
6,1984,1153,7.07157336421153,7.07157336421153,6,1984,2,495,NA
6,1979,1259,7.21081845347222,7.21081845347222,5,1979,2,478,NA
6,1971,1625,7.1074254741107,7.1074254741107,6,1971,2,944,NA
7,1976,1228,7.18916773842032,7.18916773842032,5,1976,2,585,NA
6,1974,1084,6.98933526597456,7.53796265976821,8,1974,2,488,NA
5,1970,925,7.26052259808985,7.26052259808985,7,1988,2,576,NA
5,1970,914,6.81892406527552,6.81892406527552,5,1970,1,368,NA
4,1961,914,6.81892406527552,6.81892406527552,4,1961,1,270,NA
6,2001,1337,7.19893124068817,7.19893124068817,5,2001,2,511,NA
6,1997,1405,7.19893124068817,7.19893124068817,5,1997,2,522,NA
6,1973,525,6.26530121273771,6.99668148817654,6,1973,1,264,NA
6,1973,672,6.51174532964473,7.10578612948127,7,1973,1,264,NA
7,1978,1061,6.96224346426621,6.96224346426621,4,1978,1,319,NA
5,1966,988,6.89669433162271,6.89669433162271,5,1974,1,360,NA
9,2006,1790,7.50494206839617,7.50494206839617,7,2007,3,730,NA
8,2006,1694,7.43543801981455,7.43543801981455,7,2006,3,856,NA
8,2007,2108,7.66058546170326,7.66058546170326,7,2007,3,938,NA
9,2007,1934,7.57250298502038,7.88495294575981,8,2007,3,1040,NA
8,2006,1108,7.04664727784876,7.84424071814181,11,2006,3,670,NA
10,2005,1994,7.62413058566129,7.62413058566129,7,2005,3,878,NA
9,2007,2552,7.84502441724148,7.84502441724148,8,2007,3,932,NA
9,2005,1704,7.45182223652793,7.92262357421729,9,2005,3,814,NA
10,2007,2320,7.7367436824535,7.7367436824535,7,2007,3,1174,NA
8,2007,1582,7.36707705988101,7.67461749736436,7,2007,2,728,NA
8,2007,918,6.86589107488344,7.650168700845,8,2007,3,786,NA
9,2006,1802,7.49720722320332,7.49720722320332,7,2006,3,843,NA
8,2004,1706,7.44949800538285,7.99193051985248,11,2004,3,916,NA
8,2003,1317,7.10496544826984,7.77737360265786,7,2003,3,818,NA
8,2007,895,6.79794041297493,7.50604217851812,8,2007,3,774,NA
7,2005,1614,7.38709023565676,7.38709023565676,7,2005,3,878,NA
8,2005,1721,7.45124168498768,7.45124168498768,7,2005,2,554,NA
8,2006,1298,7.1693500166706,7.51152464839087,7,2006,3,876,NA
6,2005,1302,7.17242457712485,7.17242457712485,5,2005,2,631,NA
6,2005,1302,7.17242457712485,7.17242457712485,5,2005,2,631,NA
6,2005,1362,7.21744343169653,7.21744343169653,6,2005,2,460,NA
8,2006,1554,7.34923082461333,7.34923082461333,6,2006,2,627,NA
9,2005,1577,7.36391350140582,7.36391350140582,6,2005,2,564,NA
8,2006,1324,7.18916773842032,7.18916773842032,6,2006,2,550,NA
7,2003,1405,7.24850407237061,7.24850407237061,6,2003,2,478,NA
6,2007,768,6.64509096950564,7.31121838441963,7,2007,2,572,NA
6,2005,768,6.64509096950564,7.3375877435386,6,2005,2,400,NA
7,2006,608,6.4118182677099,7.28550654852279,6,2007,2,454,NA
6,2006,738,6.6052979209482,7.31055015853442,7,2006,2,440,NA
6,2006,698,6.54965074223381,7.46565531013406,6,2007,3,350,NA
6,2005,1326,7.19067603433221,7.19067603433221,6,2005,2,388,NA
6,2007,752,6.62406522779989,7.31654817718298,6,2007,2,440,NA
7,2007,728,6.59167373200866,7.2841348061952,7,2007,2,400,NA
7,2007,1246,7.13807303404435,7.13807303404435,6,2007,2,462,NA
8,2003,1406,7.37148929521428,7.37148929521428,7,2003,3,630,NA
7,2007,1266,7.14440718032114,7.14440718032114,6,2007,2,388,NA
7,2004,835,7.02108396428914,7.02108396428914,5,2004,2,437,NA
7,2004,384,6.61338421837956,7.22620901010067,8,2004,2,400,NA
7,2006,1510,7.3304052118444,7.3304052118444,6,2006,2,534,NA
7,2003,384,6.62671774924902,7.24064969425547,7,2003,2,400,NA
7,2003,847,6.7428806357919,7.57507169950756,8,2003,2,434,NA
7,2002,854,6.76272950693188,7.59890045687141,8,2002,2,435,NA
6,2000,915,6.84694313958538,7.43307534889858,7,2000,2,442,NA
6,1999,941,6.86901445066571,7.40549566319947,7,1999,2,460,NA
8,1997,1779,7.48436864328613,7.84463264446468,8,1998,3,925,NA
9,1998,1408,7.42177579364465,8.0323601479245,9,1998,3,806,NA
8,1998,1389,7.25276241805319,7.85670679309584,9,1998,3,758,NA
7,1998,1066,7.01121398735037,7.77737360265786,8,1998,3,600,NA
8,1992,1105,7.00850518208228,7.69757534680234,9,1992,2,517,NA
8,1996,1325,7.19743535409659,7.83952558170468,8,1996,3,933,NA
7,2007,1369,7.22256601882217,7.22256601882217,5,2007,2,605,NA
8,2007,1542,7.34148385236316,7.34148385236316,6,2007,3,852,NA
8,2006,1524,7.3362856600213,7.3362856600213,7,2006,2,484,NA
10,2007,1966,7.58426481838906,7.58426481838906,6,2007,3,1092,NA
7,2007,1528,7.33236920592906,7.33236920592906,6,2007,2,480,NA
8,2005,1538,7.33888813383888,7.33888813383888,7,2005,2,484,NA
7,2005,1494,7.3178761986265,7.3178761986265,7,2005,2,672,NA
7,2006,982,6.89060912014717,7.58984151218266,7,2006,3,574,NA
8,2006,1302,7.17242457712485,7.51261754467451,7,2006,3,859,NA
8,2007,1338,7.19967834569117,7.19967834569117,6,2007,2,598,NA
7,2006,1335,7.19743535409659,7.19743535409659,6,2007,2,575,NA
8,2007,896,6.7990558620588,7.49164547360513,8,2007,2,590,NA
5,2007,725,6.5875500148248,7.37086016653672,8,2007,2,561,NA
8,2007,955,6.8627579130514,7.53955882930103,8,2007,3,880,NA
8,2007,1574,7.36833968631138,7.36833968631138,6,2007,2,594,NA
8,2006,1685,7.4301141385618,7.4301141385618,5,2006,3,658,NA
6,2004,1158,7.05531284333975,7.80139132029149,9,2004,3,744,NA
6,2006,1100,7.00397413672268,7.00397413672268,6,0,0,0,NA
7,2006,1143,7.04228617193974,7.04228617193974,5,0,0,0,NA
5,2003,1094,6.9985096422506,6.9985096422506,6,2004,2,576,NA
7,2006,1461,7.30451594646016,7.30451594646016,7,2006,2,566,NA
6,1993,864,6.82546003625531,7.50714107972761,7,1993,2,492,NA
6,1980,630,6.44730586254121,7.14440718032114,5,1980,1,283,NA
5,1977,894,6.79682371827486,6.79682371827486,5,1979,1,308,NA
5,1968,1040,6.94793706861497,6.94793706861497,5,1991,2,686,NA
7,1990,1223,7.14834574390007,7.82564473221999,7,1990,2,564,NA
5,1974,1037,6.94505106372583,6.94505106372583,5,1974,2,431,NA
6,1973,1044,6.96224346426621,6.96224346426621,5,1973,2,542,NA
8,2004,1378,7.2291138777933,7.2291138777933,6,2004,2,540,NA
8,2006,1141,7.04925484125584,7.04925484125584,5,2006,2,484,NA
8,2006,1511,7.35627987655075,7.35627987655075,5,2006,2,476,NA
7,2006,1352,7.21007962817079,7.21007962817079,5,2006,2,466,NA
8,2006,1550,7.34665516317654,7.34665516317654,5,2007,2,528,NA
6,1999,744,6.63068338564237,7.31455283232408,6,1999,2,440,NA
6,2000,756,6.64639051484773,7.36137542897735,4,2000,2,440,NA
7,1999,1339,7.21450441415114,7.21450441415114,5,1999,2,625,NA
8,2003,1054,6.9782137426307,7.6251071482389,8,2003,2,552,NA
8,1998,1220,7.1074254741107,7.76768727718691,8,1998,2,1105,NA
8,1994,1494,7.30988148582479,7.30988148582479,5,1994,2,478,NA
7,1980,2002,7.76768727718691,7.76768727718691,8,1980,2,546,NA
8,1981,2461,7.82324569068552,7.82324569068552,7,1981,2,676,NA
6,1968,912,7.05012252026906,7.05012252026906,7,1968,2,412,NA
6,1970,1008,7.24708058458576,7.78821155784708,8,1970,2,570,NA
6,1969,973,6.98749024700099,6.98749024700099,6,1969,2,480,NA
6,1968,1295,7.16703787691222,7.16703787691222,6,1968,2,528,NA
7,1972,1124,7.38461038317697,7.38461038317697,8,1972,2,515,NA
7,1993,1594,7.37462901521894,7.37462901521894,6,1993,2,472,NA
7,1993,1148,6.99576615630485,7.63819824428578,8,1993,2,473,NA
6,1966,1093,6.99759598298193,6.99759598298193,6,1966,2,484,NA
6,1963,1052,6.95939851213398,6.95939851213398,6,1963,1,311,NA
5,1967,949,7.01031186730723,7.01031186730723,5,1967,1,308,NA
4,1964,0,7.11069612297883,7.11069612297883,8,1964,3,530,NA
5,1956,894,6.98007594056176,6.98007594056176,6,1966,2,396,NA
5,1961,864,7.08002649992259,7.08002649992259,6,1961,2,440,NA
5,1961,964,6.87212810133899,6.87212810133899,5,1985,2,784,NA
5,1960,894,6.79682371827486,6.79682371827486,5,1965,1,312,NA
7,1966,1174,7.09090982207998,7.09090982207998,6,1966,2,440,NA
6,1965,1042,6.94985645500077,6.94985645500077,5,1965,2,440,NA
6,1964,845,6.74051935960622,7.67554600253785,8,1964,2,539,NA
6,1964,1130,7.22620901010067,7.22620901010067,7,1964,1,286,NA
6,1959,1592,7.41034709782102,7.41034709782102,6,1959,2,510,NA
5,1940,822,6.81234509417748,6.81234509417748,4,1975,2,512,NA
3,1946,666,6.50279004591562,6.50279004591562,4,0,0,0,NA
3,1945,370,6.09356977004514,6.50876913697168,4,0,0,0,NA
5,1958,808,6.69579891705849,6.69579891705849,5,1963,1,308,NA
5,1955,1078,7.04838640872188,7.04838640872188,6,1955,1,288,NA
5,1968,1560,7.35308192051543,7.35308192051543,8,1968,3,792,NA
5,1966,793,7.15539630189673,7.15539630189673,6,1966,2,432,NA
6,1961,1218,7.13489085156588,7.13489085156588,6,1961,2,525,NA
6,1957,936,6.84268328223842,6.84268328223842,4,1957,1,315,NA
5,1956,1008,6.91671502035361,6.91671502035361,6,1964,1,308,NA
5,1963,1053,6.96034772910131,6.96034772910131,6,1994,2,692,NA
5,1960,1144,7.04315991598834,7.04315991598834,6,1960,1,336,NA
6,1957,1331,7.45124168498768,7.45124168498768,8,1957,2,464,NA
5,1957,922,6.82762923450285,6.82762923450285,5,1957,1,308,NA
5,1955,1204,7.25276241805319,7.25276241805319,7,1955,1,310,NA
5,1955,1216,7.10414409298753,7.10414409298753,5,1955,1,336,NA
5,1953,864,7.05185562295589,7.05185562295589,6,1962,1,336,NA
5,1958,1560,7.35308192051543,7.35308192051543,8,1958,2,484,NA
6,1952,948,6.85540879860993,6.85540879860993,5,1952,2,410,NA
6,1953,1040,6.94793706861497,6.94793706861497,6,1953,1,293,NA
5,1956,925,6.83087423464618,6.83087423464618,5,1956,1,252,NA
4,1955,1190,6.94793706861497,7.34018683532012,7,2002,1,352,NA
5,1955,923,6.83087423464618,6.83087423464618,5,1955,1,390,NA
4,1953,1105,7.40731771046942,7.40731771046942,6,1953,1,280,NA
5,1952,924,6.82979373751242,6.82979373751242,6,1952,1,420,NA
4,1890,925,6.90875477931522,7.34277918933185,7,0,0,0,NA
5,1953,1216,7.10414409298753,7.45529848568329,7,1953,1,371,NA
5,1935,666,7.1770187659099,8.03495502450216,9,2007,3,1200,NA
4,1925,1151,6.74051935960622,7.15617663748062,6,1978,2,580,NA
5,1895,736,6.62273632394984,7.3362856600213,6,0,0,0,NA
7,1963,725,6.94312242281943,7.40974195408092,6,1963,1,276,NA
5,1961,920,6.7900972355139,6.7900972355139,5,1961,1,240,NA
6,1968,952,6.8596149036542,6.8596149036542,5,1968,1,288,NA
5,1950,864,7.12205988162914,7.12205988162914,6,1950,1,357,NA
5,1959,1040,6.94793706861497,6.94793706861497,6,1959,1,286,NA
5,1958,1170,7.06561336359772,7.06561336359772,6,1958,1,338,NA
5,1960,1242,7.12528309151071,7.12528309151071,6,1960,1,324,NA
5,1960,1377,7.2283884515736,7.2283884515736,6,1965,1,351,NA
5,1961,0,6.83087423464618,6.83087423464618,7,1961,1,300,NA
5,1962,864,6.76272950693188,6.76272950693188,5,1962,1,294,NA
5,1962,896,6.84268328223842,6.84268328223842,6,1962,1,288,NA
5,1926,850,6.86797440897029,6.86797440897029,5,1981,2,576,NA
6,1927,845,6.76503897678054,7.16780918431644,6,1980,2,576,NA
5,1922,1022,6.93049476595163,6.93049476595163,4,1922,1,184,NA
5,1920,967,6.87523208727658,6.87523208727658,5,1920,1,180,NA
5,1940,808,6.9782137426307,6.9782137426307,5,1940,2,379,NA
5,1900,680,6.52356230614951,7.06902342657826,6,2000,2,576,NA
4,1900,570,6.63594655568665,7.04053639021596,6,1930,1,252,NA
4,1900,1075,7.05358572719368,7.49498623395053,7,1935,2,342,NA
8,1910,725,6.8134445995109,7.48042830607421,7,1992,2,816,NA
6,1927,728,6.81892406527552,7.40427911803727,9,1927,1,374,NA
5,1910,616,6.42486902390539,7.11720550316434,6,1920,2,480,NA
6,1910,926,6.89972310728487,7.40913644392013,6,1979,2,468,NA
5,1930,687,6.53378883793334,7.21450441415114,6,2004,1,336,NA
7,1879,819,7.1800698743028,7.80588204022862,8,1950,2,576,NA
4,1956,0,6.87626461189077,6.87626461189077,5,1956,1,331,NA
4,1949,0,7.23201033166476,7.23201033166476,6,1957,1,384,NA
5,1925,756,6.82110747225646,6.96696713861398,6,1969,1,308,NA
5,1950,910,6.81454289725996,7.26961674960817,6,1950,1,308,NA
5,1939,728,6.59167373200866,7.15070145759253,6,1939,1,224,NA
6,1939,600,6.4118182677099,7.11720550316434,6,1939,1,217,NA
5,1939,884,6.78558764500793,6.78558764500793,5,1939,1,240,NA
6,1938,861,6.75925527066369,7.25134498337221,6,1968,2,528,NA
5,1939,672,6.80239476332431,7.18765716411496,7,1939,1,280,NA
5,1930,966,6.92264389147589,7.26332961747684,6,1930,1,230,NA
5,1926,756,6.80682936039218,7.15617663748062,6,1926,2,379,NA
6,1918,1100,7.00397413672268,7.72533003791713,8,1950,1,408,NA
6,1920,768,6.62406522779989,7.22766249872865,7,1977,2,576,NA
5,1926,750,6.86797440897029,7.18311170174328,7,1965,2,576,NA
7,1929,672,6.51174532964473,7.20414929203594,6,1979,2,456,NA
5,1901,592,6.83947643822884,7.06817200038804,7,1920,1,240,NA
5,1901,969,6.87729607149743,7.10249935577465,6,1920,1,216,NA
6,1963,741,7.31188616407716,7.73848812249465,9,1963,2,658,NA
7,1950,976,6.88448665204278,7.57712193087668,8,1950,1,299,NA
6,1915,1138,7.03790596344718,7.68753876620163,7,2006,2,720,NA
4,1958,808,6.73221070646721,7.18235211188526,5,1958,2,436,NA
4,1910,771,6.76503897678054,7.3031700512368,6,1910,1,264,NA
7,1937,1005,7.14124512235049,7.72665366484764,7,1937,2,498,NA
5,1942,672,6.65801104587075,7.15695636461564,4,1942,1,240,NA
5,1963,925,6.90775527898214,6.90775527898214,6,1963,1,308,NA
5,1964,1420,7.28138566357028,7.28138566357028,6,1964,2,572,NA
4,1964,1005,6.91373735065968,6.91373735065968,5,1964,2,440,NA
5,1964,980,6.92853781816467,6.92853781816467,5,1970,2,528,NA
5,1966,1040,6.94793706861497,6.94793706861497,6,1966,1,264,NA
5,1971,768,6.76734312526539,6.76734312526539,6,1989,2,576,NA
5,1968,876,6.8001700683022,6.8001700683022,5,1968,1,264,NA
5,1967,943,6.8501261661455,6.8501261661455,5,1972,2,528,NA
5,1966,912,6.81673588059497,6.81673588059497,6,1966,1,315,NA
5,1956,1240,7.22693601849329,7.22693601849329,6,1956,1,323,NA
5,1920,671,7.35755620091035,7.88419993367604,11,1946,2,638,NA
7,1940,680,6.68336094576627,7.17242457712485,6,1940,1,224,NA
6,1954,967,7.17011954344963,7.17011954344963,6,1954,2,494,NA
5,1958,1158,7.07072410726028,7.07072410726028,6,1958,1,303,NA
4,1945,0,6.90675477864855,6.90675477864855,5,1952,2,460,NA
6,1984,1190,7.32843735289516,7.32843735289516,7,1984,2,552,NA
5,1948,409,7.18992217074581,7.18992217074581,6,1996,2,576,NA
5,1953,1073,7.39694860262101,7.39694860262101,6,1953,2,649,NA
4,1946,484,7.12528309151071,7.12528309151071,4,1946,1,336,NA
6,1954,1288,7.79276172081653,7.79276172081653,6,1954,2,527,NA
6,1954,988,6.89669433162271,7.39449310721904,6,1954,1,332,NA
5,1958,864,6.76272950693188,6.76272950693188,6,1958,1,399,NA
4,1958,0,6.8501261661455,6.8501261661455,5,1958,1,308,NA
5,1984,1038,6.94601399109923,6.94601399109923,5,1984,1,264,NA
5,1951,1342,7.20266119652324,7.20266119652324,7,1951,1,256,NA
5,1951,1080,6.98564181763921,7.3004728142678,7,1951,1,253,NA
4,1920,951,6.89467003943348,7.21744343169653,7,1920,1,280,NA
6,1984,1105,7.00850518208228,7.50823877467866,7,1984,2,515,NA
7,1994,779,6.93731408122368,7.58018941794454,7,1994,2,499,NA
8,2007,1643,7.40974195408092,7.40974195408092,7,2007,3,870,NA
8,2006,2140,7.66902828858968,7.66902828858968,8,2006,3,894,NA
8,2007,1643,7.40974195408092,7.40974195408092,7,2007,3,870,NA
7,2005,1546,7.34407285057307,7.34407285057307,7,2005,3,796,NA
8,2006,1489,7.31388683163346,7.31388683163346,7,2005,2,674,NA
7,2005,1270,7.14755927118945,7.14755927118945,6,2005,2,524,NA
7,2005,879,6.77992190747225,7.49331724886215,7,2005,2,578,NA
7,1988,929,6.85329909318608,7.53583046279837,7,1988,2,619,NA
8,1976,966,7.46393660446893,7.46393660446893,5,1976,2,529,NA
5,1994,1022,6.93049476595163,6.93049476595163,6,1995,2,747,NA
6,1997,635,6.4723462945009,7.1770187659099,6,1997,2,497,NA
5,1994,990,6.89871453432999,6.89871453432999,5,1995,1,384,NA
5,1996,1097,7.00124562206948,7.00124562206948,6,1996,1,242,NA
7,1999,988,6.89669433162271,7.53583046279837,7,1999,2,597,NA
7,1998,853,6.74993119378857,7.46965417293213,7,1998,2,534,NA
7,2001,845,6.74051935960622,7.43307534889858,7,2001,2,517,NA
7,2000,985,6.89365635460264,7.51914995766982,7,2000,2,486,NA
5,1974,864,6.79682371827486,6.79682371827486,5,1974,2,440,NA
5,1976,1015,6.93342302573071,6.93342302573071,6,1979,2,370,NA
5,1977,995,6.9177056098353,6.9177056098353,6,1977,2,576,NA
5,1977,1040,6.94793706861497,6.94793706861497,5,1977,2,748,NA
5,1977,876,6.81124437860129,6.81124437860129,5,1977,1,308,NA
5,1975,864,6.77992190747225,6.77992190747225,5,1975,2,440,NA
5,1972,864,6.76272950693188,6.76272950693188,5,1977,2,576,NA
4,1972,385,6.77536609093639,6.77536609093639,5,1975,2,728,NA
7,2000,1673,7.42297125104942,7.42297125104942,7,2000,2,583,NA
7,2003,979,6.90073066404517,7.56682847920833,7,2003,2,610,NA
7,2002,860,6.75809450442773,7.45587668749182,7,2002,2,542,NA
8,1994,1556,7.37337430991005,7.37337430991005,7,1994,2,484,NA
8,2001,1531,7.33432935030054,7.79975331828725,7,2001,2,560,NA
7,1996,860,7.10085190894405,7.59739632021279,7,1996,2,608,NA
8,1999,1341,7.20191631753163,7.20191631753163,5,1999,2,482,NA
7,2007,738,6.6052979209482,7.29776828253138,7,2007,2,552,NA
7,2005,1169,7.0825485693553,7.0825485693553,5,2005,2,578,NA
6,2006,1330,7.19368581839511,7.19368581839511,6,2006,2,437,NA
7,2006,738,6.6052979209482,7.30787278076371,7,2006,2,484,NA
5,2005,768,6.64509096950564,7.3375877435386,6,2005,2,400,NA
5,1967,936,6.84268328223842,6.84268328223842,4,1967,1,384,NA
4,1963,1088,6.99301512293296,6.99301512293296,4,2002,2,520,NA
5,1925,901,6.80461452006262,7.20934025660291,7,1975,2,576,NA
6,1960,1179,7.07326971745971,7.07326971745971,5,1960,2,622,NA
6,1976,960,6.95177216439891,6.95177216439891,7,1976,2,528,NA
5,1979,0,7.00397413672268,7.71154897962915,11,1979,2,579,NA
5,2005,734,6.59987049921284,7.25063551189868,6,2005,2,489,NA
10,2008,5095,8.536211197252,8.536211197252,15,2008,3,1154,NA
6,2005,547,6.9782137426307,6.9782137426307,5,2005,2,525,NA
5,1959,960,6.86797440897029,6.86797440897029,4,1959,1,392,NA
4,1955,0,7.05012252026906,7.05012252026906,6,0,0,0,NA
5,1946,1195,7.08673793451058,7.08673793451058,8,0,0,0,NA
6,1920,660,6.60800062529609,6.76388490856244,4,1920,1,216,NA
4,1955,768,6.64509096950564,6.64509096950564,4,1959,1,355,NA
4,1955,864,6.76272950693188,6.76272950693188,5,1996,2,528,NA
5,1923,1296,7.16780918431644,7.86057078553866,12,0,0,0,NA
5,1926,1290,7.26052259808985,7.26052259808985,6,1973,1,352,NA
6,1921,651,6.63331843328038,7.1693500166706,8,1994,1,240,NA
7,1930,531,6.34212141872115,7.00215595440362,5,1930,1,216,NA
6,1921,585,6.74758652682932,7.27031288607902,7,1992,1,228,NA
6,1926,686,6.53233429222235,7.28756064030972,6,1926,1,225,NA
7,1927,851,6.76619171466035,7.44949800538285,8,1927,2,264,NA
5,1951,0,7.11232744471091,7.11232744471091,7,1951,2,400,NA
4,1930,930,7.11558212618445,7.47079377419506,7,1930,1,231,NA
5,1941,728,6.63463335786169,7.21229446850034,5,1966,2,528,NA
6,1960,1560,7.35308192051543,7.35308192051543,6,1960,2,580,NA
6,1968,1488,7.30586003268401,7.30586003268401,7,1968,2,552,NA
6,1980,516,6.27287700654617,6.95272864462487,5,1980,2,462,NA
4,1995,1680,7.42714413340862,7.42714413340862,7,1996,2,628,NA
8,1988,1004,6.92853781816467,6.92853781816467,4,1988,2,509,NA
7,1971,1696,7.43661726523423,7.43661726523423,7,1971,2,625,NA
8,1986,279,7.91095738284559,7.91095738284559,6,1986,2,691,NA
6,1940,720,6.58063913728495,7.10332206252611,6,1965,2,720,NA
5,1925,936,6.84268328223842,7.3790081276283,6,0,0,0,NA
5,1923,859,6.84906628263346,7.51152464839087,6,0,NA,NA,NA
5,1922,816,6.70563909486,6.70563909486,5,1922,1,100,NA
2,1939,0,6.46302945692067,6.74051935960622,4,1950,1,256,NA
5,1895,957,6.94215670569947,7.59689443814454,9,0,0,0,NA
4,1957,1073,6.97914527506881,6.97914527506881,6,1985,2,720,NA
5,1930,837,6.90975328164481,6.90975328164481,5,1930,1,216,NA
8,2006,1573,7.39387829010776,7.39387829010776,5,2006,2,495,NA
6,1979,1001,7.17011954344963,7.17011954344963,5,1979,2,486,NA
5,2002,1441,7.23921497377981,7.23921497377981,6,2002,3,650,NA
7,2002,1409,7.25134498337221,7.25134498337221,4,2002,2,576,NA
7,1991,1454,7.2991214627108,7.2991214627108,6,1991,2,506,NA
7,1975,852,6.82328612235569,6.82328612235569,4,1975,1,360,NA
6,1974,970,6.93439720992856,6.93439720992856,5,1974,2,528,NA
7,1987,1501,7.31455283232408,7.31455283232408,5,1987,2,512,NA
6,1958,585,7.73193072194849,7.73193072194849,7,1958,2,461,NA
7,2006,1689,7.43248380791712,7.43248380791712,7,2007,2,433,NA
8,2006,1546,7.35564110297425,7.35564110297425,6,2207,2,502,NA
7,1985,1265,7.12367278520461,7.12367278520461,6,1985,2,528,NA
8,2001,1267,7.1800698743028,7.1800698743028,5,2001,2,471,NA
8,2002,1922,7.56164174558878,7.56164174558878,6,2002,3,692,NA
6,1996,1491,7.30787278076371,7.30787278076371,7,1996,2,571,NA
7,2003,1122,7.04490511712937,7.8188324438034,10,2003,2,452,NA
10,2006,1824,7.50933526601659,7.50933526601659,8,2006,3,932,NA
3,1953,0,7.6182510978767,7.6182510978767,9,1953,4,1041,NA
6,1996,920,6.84268328223842,6.84268328223842,3,1996,2,460,NA
4,1972,546,6.30444880242198,6.99668148817654,5,1972,1,253,NA
4,1970,530,6.27476202124194,6.90073066404517,4,1970,1,297,NA
4,1970,546,6.30444880242198,6.99668148817654,5,0,0,0,NA
4,1976,546,6.30444880242198,6.99668148817654,6,1976,1,286,NA
5,1977,923,6.91671502035361,6.91671502035361,4,1977,2,678,NA
6,1977,1244,7.21303165983487,7.21303165983487,6,1977,2,528,NA
5,1977,1160,7.42476176182321,7.42476176182321,6,1977,2,672,NA
5,1977,716,6.57507584059962,7.26752542782817,6,1977,2,531,NA
5,1971,796,6.68085467879022,6.68085467879022,5,0,0,0,NA
4,1961,1396,7.38336814699238,7.38336814699238,6,1961,1,444,NA
5,1976,1090,7.07242190053737,7.07242190053737,6,1976,2,502,NA
5,1983,816,6.70563909486,6.70563909486,4,1983,1,264,NA
5,1984,864,6.78897174299217,6.78897174299217,5,1984,1,288,NA
6,1954,1178,7.16549347506085,7.16549347506085,5,1954,2,452,NA
6,1956,1008,6.93244789157251,6.93244789157251,5,1956,1,313,NA
5,1957,1617,7.49443021503157,7.49443021503157,7,1957,3,963,NA
6,1957,1705,7.23777819192344,7.23777819192344,4,1957,2,550,NA
7,1969,1851,7.52402141520612,7.52402141520612,8,1969,2,506,NA
6,1997,813,6.70196036600254,7.3304052118444,6,1997,2,400,NA
6,1995,781,6.66185474054531,7.42177579364465,7,1995,2,423,NA
6,1996,821,6.71174039505618,7.48268182815465,7,1996,2,443,NA
8,2005,1074,6.98007594056176,7.63288550539513,7,2005,2,527,NA
7,2005,1700,7.43897159239586,7.70210434005105,9,2006,3,773,NA
8,1994,2062,7.64012317269536,7.89655270164304,9,1994,2,618,NA
6,1993,1160,7.0647590277918,7.0647590277918,6,1993,2,402,NA
8,1987,1191,7.09423484592476,7.09423484592476,5,1987,2,461,NA
9,2005,1398,7.25488481007734,7.93701748951545,11,2005,3,670,NA
10,2006,1528,7.33236920592906,8.12888014212564,10,2006,3,758,NA
9,2006,1094,7.0057890192535,7.81359155295243,11,2006,3,675,NA
10,2006,1850,7.5234813125735,7.900636613018,11,2006,3,736,NA
9,2005,1390,7.23777819192344,7.9359451033537,10,2005,3,660,NA
9,2005,1714,7.44716835960004,7.44716835960004,7,2005,2,517,NA
9,2005,1910,7.60140233458373,7.60140233458373,8,2005,3,722,NA
6,1980,988,7.0057890192535,7.0057890192535,5,1980,2,582,NA
7,1978,945,6.85224256905188,7.52725591937378,8,1978,2,482,NA
7,1976,1047,6.98841318199959,6.98841318199959,5,1976,2,596,NA
7,2005,960,6.86797440897029,7.74889133725553,8,2005,2,541,NA
6,1975,675,7.01211529430638,7.53689712956617,8,1975,2,485,NA
6,1974,1103,7.00669522683704,7.00669522683704,6,1974,2,462,NA
4,1971,864,6.77422388635761,6.77422388635761,5,1995,2,576,NA
6,2002,1487,7.25841215059531,7.25841215059531,4,2002,2,543,NA
6,1973,525,6.26530121273771,6.99668148817654,6,1973,2,440,NA
5,1973,765,6.64118216974059,7.21964204013074,7,1973,2,440,NA
6,1972,494,6.20455776256869,6.93828448401696,6,1973,1,264,NA
6,1972,483,6.18208490671663,6.85540879860993,5,1972,1,264,NA
6,1972,525,6.26530121273771,6.99668148817654,6,1972,1,264,NA
6,1975,1069,6.97541392745595,6.97541392745595,4,1975,2,440,NA
5,1967,943,7.23561914106675,7.23561914106675,6,1974,1,300,NA
7,1976,1055,6.96224346426621,6.96224346426621,4,1976,1,319,NA
6,1976,855,6.75227037614174,7.2841348061952,6,1976,2,460,NA
9,2006,1738,7.46106551435428,7.85941315469358,11,2006,3,831,NA
8,2004,1618,7.38956395367764,7.38956395367764,6,2004,3,880,NA
7,2006,1721,7.46221493976819,7.46221493976819,8,2006,3,874,NA
9,2005,1868,7.53315880745556,7.53315880745556,7,2005,3,1085,NA
9,2005,1090,7.01929665371504,7.69938940625674,10,2005,3,670,NA
9,2005,1606,7.39387829010776,7.64587582518481,8,2005,2,521,NA
8,2005,1209,7.09837563859079,7.72046169459972,8,2005,2,575,NA
8,2006,1054,6.96129604591017,7.77904864492556,10,2006,3,672,NA
8,2005,1524,7.34277918933185,7.76599307940768,10,2005,3,784,NA
9,2005,1792,7.49164547360513,7.49164547360513,6,2005,3,925,NA
9,2004,1780,7.48493028328966,7.48493028328966,7,2004,3,816,NA
8,2004,1420,7.26332961747684,7.55747290161475,9,2004,3,746,NA
9,2005,1560,7.35627987655075,7.35627987655075,6,2005,2,556,NA
9,2006,1686,7.43070708254597,7.43070708254597,6,2006,3,899,NA
9,2006,1666,7.41878088275079,7.41878088275079,6,2006,2,575,NA
6,2005,728,6.59167373200866,7.2841348061952,8,2005,2,390,NA
7,2006,738,6.6052979209482,7.30854279753919,8,2006,2,440,NA
6,2006,1326,7.19067603433221,7.19067603433221,6,2006,2,427,NA
8,2004,1052,6.95939851213398,7.77233157516961,9,2004,3,632,NA
7,2006,738,6.6052979209482,7.30854279753919,8,2006,2,440,NA
7,2006,1220,7.21890970761906,7.21890970761906,6,2006,2,437,NA
7,2002,1368,7.32118855673948,7.32118855673948,5,2002,2,398,NA
7,2004,1365,7.34536484041687,7.34536484041687,7,2004,2,388,NA
7,2005,1142,7.04141166379481,7.04141166379481,6,2005,2,440,NA
7,2004,848,6.74405918631135,7.37713371283395,7,2004,2,433,NA
6,2000,982,6.91671502035361,7.54433210805369,9,2000,2,431,NA
7,2006,1035,6.98749024700099,7.75061473277041,8,2006,3,617,NA
8,1998,1044,6.98471632011827,7.58933582317062,7,1998,3,885,NA
8,2000,1160,7.09506437728713,7.71199650704767,7,2000,3,768,NA
9,2000,1540,7.34018683532012,7.95717732345947,9,2000,3,774,NA
8,1995,1342,7.21450441415114,7.91095738284559,9,1995,3,725,NA
9,1993,1733,7.56734567601324,8.16080392095467,11,1993,3,959,NA
8,1994,1290,7.17472430983638,7.82204400818562,9,1994,3,803,NA
8,1993,1286,7.35627987655075,7.9373746961633,8,1993,3,704,NA
8,2005,1100,7.0184017990692,7.58324752430336,8,2005,2,760,NA
8,2006,1670,7.42117752859539,7.42117752859539,6,2006,3,928,NA
8,2006,1504,7.31654817718298,7.31654817718298,7,2006,2,510,NA
8,2006,1278,7.15383380157884,7.15383380157884,5,2006,2,584,NA
9,2006,2036,7.61923341622681,7.87891291229713,11,2006,3,792,NA
6,2005,858,6.75576892198425,7.44833386089748,7,2005,2,615,NA
6,2005,1142,7.04141166379481,7.04141166379481,5,0,0,0,NA
7,2005,1400,7.24494154633701,7.24494154633701,6,2005,2,612,NA
6,2005,1131,7.03174125876313,7.03174125876313,6,0,0,0,NA
7,2005,891,6.79346613258001,7.43070708254597,8,2005,2,462,NA
7,2005,784,6.72383244082121,7.36897040219479,7,2005,2,449,NA
6,1997,941,6.84800527457636,7.51643330291563,7,1997,2,688,NA
6,1992,836,6.73933662735717,7.45703208912238,7,1992,2,462,NA
6,1990,1398,7.24351297466548,7.24351297466548,5,1990,2,542,NA
6,1991,1217,7.10496544826984,7.10496544826984,5,1991,2,484,NA
6,1994,636,6.45676965557216,7.18614430452233,6,1994,2,472,NA
5,1962,988,6.89669433162271,6.89669433162271,6,1977,2,624,NA
6,1977,0,7.16006920759613,7.41155628781116,10,1977,2,528,NA
5,1962,864,7.10002716662926,7.10002716662926,6,1972,2,576,NA
5,1965,984,6.89264164117209,6.89264164117209,5,1965,1,310,NA
5,1968,882,6.8134445995109,6.8134445995109,5,1968,1,294,NA
5,1963,925,6.83087423464618,6.83087423464618,5,1990,2,484,NA
5,1965,1024,6.93244789157251,6.93244789157251,5,1965,1,308,NA
5,1964,912,6.81673588059497,6.81673588059497,6,0,0,0,NA
5,1967,912,6.84800527457636,6.84800527457636,6,1967,1,288,NA
7,1974,1748,7.67415292128168,7.8811822022271,9,1974,2,550,NA
8,1992,1334,7.32712329225929,7.94697135769359,9,1992,3,888,NA
7,2004,1143,7.04228617193974,7.04228617193974,5,2004,2,588,NA
7,2005,600,6.25575004175337,7.10987946307227,4,2005,2,480,NA
6,2000,756,6.64509096950564,7.32974968904151,4,2000,2,440,NA
7,2003,530,6.27476202124194,6.98564181763921,4,2003,2,496,NA
7,1997,569,6.75110146893676,7.43543801981455,6,1997,1,434,NA
8,2001,1568,7.35819375273303,7.35819375273303,6,2001,2,564,NA
5,1972,1153,7.08506429395255,7.08506429395255,6,1972,2,501,NA
7,1967,1334,7.19668657083435,7.19668657083435,7,1967,2,477,NA
5,1968,1051,6.95844839329766,6.95844839329766,6,1968,2,504,NA
5,1968,900,6.78558764500793,7.47929963778283,7,1968,2,530,NA
6,1968,976,6.88448665204278,6.88448665204278,4,1968,2,504,NA
5,1968,833,6.80128303447162,6.80128303447162,6,1968,1,326,NA
5,1966,1051,6.95844839329766,6.95844839329766,6,1966,1,264,NA
5,1967,1141,7.04053639021596,7.04053639021596,6,1967,1,568,NA
6,1965,1187,7.35627987655075,7.35627987655075,7,1965,1,299,NA
6,1964,1008,7.30586003268401,7.30586003268401,7,1964,2,430,NA
5,1964,720,6.58063913728495,7.27309259599952,7,1964,2,480,NA
5,1960,1248,7.13009851012558,7.13009851012558,6,1960,1,286,NA
6,1934,816,6.70563909486,6.70563909486,4,1949,1,240,NA
5,1947,938,6.95081476844258,6.95081476844258,5,1947,1,273,NA
5,1961,1251,7.26822302115957,7.26822302115957,7,1961,2,441,NA
5,1952,1444,7.39326309476384,7.39326309476384,6,1952,1,240,NA
5,1951,1056,7.10414409298753,7.10414409298753,7,1951,1,280,NA
5,1949,704,6.93244789157251,7.45529848568329,7,1949,1,234,NA
5,1954,936,6.84268328223842,6.84268328223842,5,1954,1,240,NA
5,1967,1584,7.36833968631138,7.36833968631138,8,1967,2,506,NA
6,1964,1246,7.12849594568004,7.12849594568004,6,1964,2,441,NA
6,1963,1008,6.91671502035361,6.91671502035361,5,1963,2,430,NA
5,1957,1179,7.21890970761906,7.21890970761906,6,1957,1,331,NA
6,1958,1121,7.19818357710194,7.19818357710194,7,1958,2,488,NA
5,1956,1058,7.22329567956231,7.22329567956231,6,1956,1,300,NA
6,1956,1124,7.02553831463852,7.02553831463852,6,1956,1,353,NA
6,1954,1050,6.95749737087695,6.95749737087695,6,1954,1,286,NA
5,1952,1008,6.91671502035361,6.91671502035361,4,1952,1,280,NA
6,1951,216,7.36264527041782,7.36264527041782,5,1951,2,400,NA
5,1956,301,7.04403289727469,7.04403289727469,6,1993,2,684,NA
5,1956,1005,6.91373735065968,6.91373735065968,6,1956,1,319,NA
5,1955,1056,6.96318998587024,6.96318998587024,6,1955,1,300,NA
5,1951,884,6.78558764500793,6.78558764500793,4,1951,1,270,NA
7,1941,929,7.62070508683826,7.62070508683826,7,1941,3,791,NA
5,1956,1015,7.23345541862144,7.23345541862144,6,2001,2,896,NA
5,1925,2171,7.23921497377981,7.87891291229713,10,1977,3,1008,NA
6,1947,784,6.80350525760834,7.1800698743028,6,1953,2,649,NA
3,1930,713,6.57088296233958,6.57088296233958,5,1936,1,371,NA
3,1929,715,6.57368016696065,6.57368016696065,4,1967,2,660,NA
4,1900,448,6.10702288774225,6.58063913728495,5,1900,1,280,NA
6,1915,663,6.65286302935335,7.37525577800975,7,1974,2,528,NA
4,1910,1077,6.88959130835447,7.47363710849621,7,1935,2,648,NA
6,1963,1083,7.04490511712937,7.04490511712937,6,1963,1,294,NA
6,1962,1135,7.09672137849476,7.09672137849476,6,1962,1,264,NA
6,1961,1313,7.48099216286952,7.48099216286952,6,1961,2,418,NA
7,1959,0,7.29505641646263,7.29505641646263,5,1959,2,484,NA
7,1962,1438,7.55013534248843,7.80343505695217,9,1962,2,441,NA
4,1950,910,6.81454289725996,7.32778053842163,6,1950,1,597,NA
3,1950,0,6.94793706861497,6.94793706861497,6,1950,2,400,NA
5,1960,1556,7.350516171834,7.350516171834,8,0,0,0,NA
5,1961,1150,7.04838640872188,7.04838640872188,6,1961,1,288,NA
7,1962,1045,6.95272864462487,6.95272864462487,6,1962,2,528,NA
5,1962,864,6.76272950693188,6.76272950693188,5,1962,1,336,NA
5,1962,1025,6.93342302573071,6.93342302573071,6,0,0,0,NA
5,1900,716,6.91572344863131,7.60837447438078,8,1900,2,624,NA
5,1948,1212,7.11232744471091,7.41997992366183,6,1948,1,240,NA
4,1920,1147,7.04577657687951,7.41336733569524,9,1920,1,162,NA
6,1900,780,6.84694313958538,7.25629723969068,7,1956,2,400,NA
7,1900,712,6.74405918631135,7.26473017792987,7,1985,2,576,NA
7,1930,502,6.22059017009974,6.91274282049318,5,1930,1,200,NA
4,1900,938,6.98933526597456,7.57660976697304,9,1993,2,576,NA
6,1924,1032,6.94022246911964,6.94022246911964,5,1995,1,280,NA
5,1925,844,6.73933662735717,6.73933662735717,5,1925,1,216,NA
4,1950,576,6.76272950693188,6.76272950693188,5,1952,1,528,NA
3,1905,738,6.57228254269401,7.22766249872865,7,1930,1,216,NA
5,1955,960,6.86797440897029,6.86797440897029,5,1976,2,576,NA
5,1924,816,6.70563909486,7.35691824235602,7,1976,2,450,NA
3,1921,492,6.20050917404269,6.20050917404269,3,1921,1,200,NA
6,1945,770,6.78671695060508,7.07580886397839,5,1945,1,378,NA
3,1920,798,6.73459165997295,6.73459165997295,5,1938,1,250,NA
7,1910,1226,7.11232744471091,7.65207074611648,9,1910,2,432,NA
5,1920,624,6.4377516497364,7.13009851012558,8,0,0,0,NA
5,1958,960,6.86797440897029,6.86797440897029,5,2002,2,624,NA
3,1918,1020,6.92853781816467,6.92853781816467,5,0,0,0,NA
6,1924,848,6.92559519711047,7.5109777520141,9,1943,1,240,NA
3,1930,728,6.59167373200866,7.05875815251866,6,1930,1,258,NA
5,1930,741,6.60934924316738,7.18916773842032,7,1930,1,180,NA
5,1925,816,6.70563909486,6.70563909486,4,1925,1,210,NA
6,1962,1595,7.38523092306657,7.8188324438034,8,1962,2,576,NA
4,1924,596,6.72743172485086,7.26612877955645,7,1924,2,370,NA
5,1910,396,6.50128967054039,7.19368581839511,7,2001,1,390,NA
5,1919,610,6.7093043402583,6.7093043402583,4,0,0,0,NA
6,1930,984,6.89264164117209,6.89264164117209,6,1930,1,308,NA
5,1951,806,6.98656645940643,7.26052259808985,7,1951,1,288,NA
6,1964,1921,7.56112158953024,7.56112158953024,8,1964,2,576,NA
5,1950,0,7.40306109109009,7.40306109109009,7,1950,2,394,NA
5,1935,0,6.94022246911964,6.94022246911964,6,1939,1,260,NA
5,1936,830,6.77992190747225,6.77992190747225,4,1936,1,180,NA
7,2004,1073,6.97914527506881,6.97914527506881,4,2004,1,246,NA
5,1967,1064,6.97073007814353,6.97073007814353,6,1967,2,528,NA
6,1964,912,6.84054652928869,6.84054652928869,4,1964,1,336,NA
5,1966,1059,6.96602418710611,6.96602418710611,6,1966,1,286,NA
5,1967,1176,7.28550654852279,7.28550654852279,7,1967,2,512,NA
6,1978,960,6.94793706861497,6.94793706861497,6,1979,2,616,NA
5,1977,1967,7.5847730776122,7.5847730776122,10,1977,2,580,NA
5,1977,1949,7.57558465155779,7.57558465155779,10,1977,2,586,NA
5,1924,872,6.7719355558396,6.7719355558396,5,1924,1,322,NA
7,1967,1865,7.51261754467451,7.51261754467451,6,1967,2,521,NA
5,1963,1000,6.90875477931522,6.90875477931522,4,1993,2,575,NA
5,1971,782,6.69826805411541,6.69826805411541,4,1973,2,576,NA
7,1980,430,6.78105762593618,7.43897159239586,7,1980,1,450,NA
4,1954,967,7.2086003379602,7.2086003379602,6,1954,2,504,NA
5,1942,799,6.68461172766793,7.04838640872188,6,1942,1,215,NA
6,1928,672,7.19893124068817,7.60589000105312,8,1928,3,795,NA
6,1935,1836,7.51588908521513,8.20876404581967,7,1993,2,836,NA
5,1962,1776,7.35308192051543,7.35308192051543,6,1962,2,528,NA
5,1952,0,7.30586003268401,7.30586003268401,7,2002,2,569,NA
5,1955,1057,6.96413561241824,6.96413561241824,6,1955,1,288,NA
6,1953,1000,6.97447891102505,7.38398945797851,7,1953,1,305,NA
6,1989,868,7.18083119904456,7.84776253747361,9,1989,2,506,NA
6,1993,1344,7.27309259599952,7.27309259599952,8,1993,4,920,NA
7,2005,1308,7.1770187659099,7.53743003658651,7,2005,3,848,NA
7,2005,1208,7.09754885061479,7.09754885061479,6,2005,2,632,NA
6,2006,1836,7.52131798019924,7.52131798019924,7,2006,2,495,NA
8,2005,1570,7.37211802833779,7.37211802833779,6,2005,3,754,NA
7,2005,945,6.85224256905188,7.50108212425987,8,2005,2,638,NA
7,2005,1614,7.38709023565676,7.38709023565676,7,2005,2,576,NA
7,2005,784,6.66568371778241,7.37588214821501,6,2005,2,610,NA
6,1968,1388,7.23633934275434,7.23633934275434,6,1968,2,522,NA
5,1996,1100,7.00397413672268,7.00397413672268,5,1996,2,462,NA
6,1995,781,6.67959918584438,7.3132203870903,6,1995,2,473,NA
7,1998,1425,7.26262860097424,7.26262860097424,5,1998,2,591,NA
7,1999,842,6.75343791859778,7.46737106691756,7,1999,2,515,NA
7,1999,951,6.85856503479136,7.48436864328613,7,1999,2,586,NA
6,1977,675,6.53233429222235,7.23633934275434,6,1977,1,317,NA
6,1978,995,7.15695636461564,7.15695636461564,6,1989,3,672,NA
5,1972,864,6.76272950693188,6.76272950693188,5,1977,1,297,NA
7,2002,826,6.77878489768518,7.47477218239787,6,2002,2,591,NA
6,1999,840,6.73459165997295,7.47079377419506,7,1999,2,530,NA
8,2002,1348,7.21450441415114,7.21450441415114,5,2002,2,418,NA
7,2002,872,6.7719355558396,7.55485852104068,8,2002,2,529,NA
8,1999,1090,6.99484998583307,7.70300768247924,8,1999,3,646,NA
7,1996,1065,6.97166860472579,7.62559507213245,9,1997,2,467,NA
7,1998,1054,6.97634807044775,7.57044325205737,8,1998,3,555,NA
7,1995,930,6.85751406254539,7.59890045687141,8,1995,2,610,NA
6,2003,848,6.74405918631135,6.74405918631135,4,2003,2,420,NA
7,2003,1390,7.23777819192344,7.23777819192344,7,2003,2,545,NA
7,2006,851,6.74758652682932,7.46049030582534,7,2006,2,578,NA
7,2005,784,6.66568371778241,7.38523092306657,6,2005,2,572,NA
7,2005,1336,7.19818357710194,7.19818357710194,6,2005,2,502,NA
4,1910,676,6.63463335786169,7.27031288607902,6,1950,2,528,NA
6,1975,976,6.92067150424868,6.92067150424868,4,0,0,0,NA
5,1969,1176,7.07072410726028,7.07072410726028,5,1969,1,360,NA
7,2003,796,6.69332366826995,7.45298232946546,8,2003,2,616,NA
6,2002,914,6.81892406527552,6.81892406527552,4,0,0,0,NA
7,2003,1150,7.0604763659998,7.74716496652033,9,2003,2,502,NA
6,2005,547,6.9782137426307,6.9782137426307,5,2005,2,525,NA
7,2004,970,6.87832646829133,7.44424864949671,7,2004,2,380,NA
4,1948,624,6.4377516497364,6.84268328223842,5,1948,1,265,NA
6,1915,832,6.74170069465205,7.19967834569117,7,1974,2,528,NA
4,1924,1093,6.99759598298193,7.4205789054108,9,1924,1,288,NA
4,1954,954,7.30182234213793,7.30182234213793,6,1956,2,609,NA
4,1922,864,6.87212810133899,7.25488481007734,8,0,0,0,NA
2,1922,498,6.21260609575152,6.21260609575152,3,1922,1,216,NA
4,1910,616,6.96224346426621,7.14991683613211,5,1910,1,275,NA
5,1938,1058,6.96508034560141,7.34729970074316,6,1938,1,240,NA
6,1945,780,6.70563909486,7.20117088328168,6,1945,1,440,NA
7,1926,624,6.61204103483309,7.29979736675816,6,1926,1,312,NA
6,1920,755,6.62804137617953,7.32052696227274,6,1920,1,216,NA
7,1919,818,6.70808408385307,7.40062057737113,7,1919,1,288,NA
5,1939,992,6.90073066404517,7.2902928824466,6,1939,1,240,NA
5,1941,824,6.71538338633468,7.16162200293919,6,1941,1,240,NA
6,1920,817,6.84694313958538,7.34665516317654,7,1937,1,318,NA
5,1940,901,7.02642680869964,7.4489161025442,7,1940,1,410,NA
7,1929,1022,7.02375895473844,7.42177579364465,7,1963,2,451,NA
7,1932,637,6.86693328446188,7.38398945797851,8,1963,3,579,NA
6,1930,697,7.00760061395185,7.49665243816828,8,1930,2,365,NA
5,1950,1168,7.15383380157884,7.74759683869289,9,1950,1,342,NA
5,1942,976,6.88448665204278,6.88448665204278,5,1942,1,215,NA
6,1926,861,6.75925527066369,7.15929190479756,6,1950,2,506,NA
4,1925,432,6.51174532964473,6.51174532964473,4,0,0,0,NA
4,1925,641,6.46458830368996,6.46458830368996,4,1925,1,272,NA
6,1957,967,6.87523208727658,7.40184157874383,6,1957,1,384,NA
3,1945,0,6.59304453414244,6.59304453414244,5,0,0,0,NA
5,1951,660,6.96696713861398,7.24208235925696,8,0,0,0,NA
3,1916,216,6.3578422665081,6.84268328223842,6,0,0,0,NA
8,2005,1573,7.48380668766583,7.48380668766583,5,2005,2,495,NA
8,2004,1594,7.40671073017764,7.40671073017764,5,2004,2,525,NA
6,1979,1625,7.39387829010776,7.39387829010776,6,1979,2,576,NA
6,1978,1664,7.41758040241454,7.41758040241454,10,1978,2,616,NA
8,2001,1491,7.30787278076371,7.30787278076371,7,2001,2,490,NA
6,1975,1128,7.09920174355309,7.09920174355309,6,1975,2,528,NA
6,1958,1632,7.40913644392013,7.40913644392013,6,1958,2,518,NA
6,2000,1381,7.24708058458576,7.24708058458576,5,2000,2,470,NA
8,2005,1728,7.58120982619635,7.58120982619635,8,2005,3,714,NA
9,2005,1838,7.51697722460432,7.51697722460432,9,2005,3,682,NA
1,1951,0,7.37838371299671,7.37838371299671,6,1951,1,270,NA
7,1997,1288,7.22183582528845,7.22183582528845,8,1997,4,784,NA
5,1977,264,6.42486902390539,7.17395831975679,5,1977,1,336,NA
5,1968,864,6.77422388635761,6.77422388635761,5,1968,1,288,NA
5,1970,1652,7.41034709782102,7.41034709782102,8,1970,3,928,NA
4,1970,630,6.44730586254121,6.44730586254121,3,0,0,0,NA
4,1972,546,6.30444880242198,6.99668148817654,5,1972,1,253,NA
5,1969,1104,7.21597500265147,7.21597500265147,8,1969,1,336,NA
4,1970,546,6.30444880242198,6.99668148817654,5,1970,1,286,NA
4,1970,546,6.30444880242198,6.99668148817654,5,0,0,0,NA
4,1970,546,6.30444880242198,6.99668148817654,5,0,0,0,NA
4,1970,546,6.30444880242198,6.99668148817654,6,1970,1,286,NA
5,1960,1224,7.11069612297883,7.11069612297883,7,1960,2,576,NA
5,1992,912,6.87832646829133,6.87832646829133,6,0,0,0,NA
7,1993,996,6.90475076996184,7.60140233458373,9,1993,3,650,NA
